transmission:vector(camStationId) World.node[0].middleware.CaService (#0 - inet-0-20230514-20:21:44-10596),,transmission:vector(camGenerationDeltaTime) World.node[0].middleware.CaService (#0 - inet-0-20230514-20:21:44-10596),,reception:vector(camStationId) World.node[1].middleware.CaService (#0 - inet-0-20230514-20:21:44-10596),,reception:vector(camGenerationDeltaTime) World.node[1].middleware.CaService (#0 - inet-0-20230514-20:21:44-10596),,transmission:vector(camStationId) World.node[1].middleware.CaService (#0 - inet-0-20230514-20:21:44-10596),,transmission:vector(camGenerationDeltaTime) World.node[1].middleware.CaService (#0 - inet-0-20230514-20:21:44-10596),,reception:vector(camStationId) World.node[0].middleware.CaService (#0 - inet-0-20230514-20:21:44-10596),,reception:vector(camGenerationDeltaTime) World.node[0].middleware.CaService (#0 - inet-0-20230514-20:21:44-10596),,reception:vector(camStationId) World.node[2].middleware.CaService (#0 - inet-0-20230514-20:21:44-10596),,reception:vector(camGenerationDeltaTime) World.node[2].middleware.CaService (#0 - inet-0-20230514-20:21:44-10596),,transmission:vector(camStationId) World.node[2].middleware.CaService (#0 - inet-0-20230514-20:21:44-10596),,transmission:vector(camGenerationDeltaTime) World.node[2].middleware.CaService (#0 - inet-0-20230514-20:21:44-10596),,reception:vector(camStationId) World.node[3].middleware.CaService (#0 - inet-0-20230514-20:21:44-10596),,reception:vector(camGenerationDeltaTime) World.node[3].middleware.CaService (#0 - inet-0-20230514-20:21:44-10596),,transmission:vector(camStationId) World.node[3].middleware.CaService (#0 - inet-0-20230514-20:21:44-10596),,transmission:vector(camGenerationDeltaTime) World.node[3].middleware.CaService (#0 - inet-0-20230514-20:21:44-10596),,reception:vector(camStationId) World.node[4].middleware.CaService (#0 - inet-0-20230514-20:21:44-10596),,reception:vector(camGenerationDeltaTime) World.node[4].middleware.CaService (#0 - inet-0-20230514-20:21:44-10596),,transmission:vector(camStationId) World.node[4].middleware.CaService (#0 - inet-0-20230514-20:21:44-10596),,transmission:vector(camGenerationDeltaTime) World.node[4].middleware.CaService (#0 - inet-0-20230514-20:21:44-10596),,reception:vector(camStationId) World.node[5].middleware.CaService (#0 - inet-0-20230514-20:21:44-10596),,reception:vector(camGenerationDeltaTime) World.node[5].middleware.CaService (#0 - inet-0-20230514-20:21:44-10596),,transmission:vector(camStationId) World.node[5].middleware.CaService (#0 - inet-0-20230514-20:21:44-10596),,transmission:vector(camGenerationDeltaTime) World.node[5].middleware.CaService (#0 - inet-0-20230514-20:21:44-10596),,reception:vector(camStationId) World.node[6].middleware.CaService (#0 - inet-0-20230514-20:21:44-10596),,reception:vector(camGenerationDeltaTime) World.node[6].middleware.CaService (#0 - inet-0-20230514-20:21:44-10596),,transmission:vector(camStationId) World.node[6].middleware.CaService (#0 - inet-0-20230514-20:21:44-10596),,transmission:vector(camGenerationDeltaTime) World.node[6].middleware.CaService (#0 - inet-0-20230514-20:21:44-10596),,reception:vector(camStationId) World.node[7].middleware.CaService (#0 - inet-0-20230514-20:21:44-10596),,reception:vector(camGenerationDeltaTime) World.node[7].middleware.CaService (#0 - inet-0-20230514-20:21:44-10596),,transmission:vector(camStationId) World.node[7].middleware.CaService (#0 - inet-0-20230514-20:21:44-10596),,transmission:vector(camGenerationDeltaTime) World.node[7].middleware.CaService (#0 - inet-0-20230514-20:21:44-10596),,reception:vector(camStationId) World.node[8].middleware.CaService (#0 - inet-0-20230514-20:21:44-10596),,reception:vector(camGenerationDeltaTime) World.node[8].middleware.CaService (#0 - inet-0-20230514-20:21:44-10596),,transmission:vector(camStationId) World.node[8].middleware.CaService (#0 - inet-0-20230514-20:21:44-10596),,transmission:vector(camGenerationDeltaTime) World.node[8].middleware.CaService (#0 - inet-0-20230514-20:21:44-10596),
1.159284461639,16,1.159284461639,8456,3.019765805678,16,3.019765805678,9456,3.133739616163,87,3.133739616163,10456,3.134221421841,87,3.134221421841,10456,5.053947960304,87,5.053947960304,12456,5.109928035154,158,5.109928035154,12456,7.030137289999,158,7.030137289999,14456,7.156660144846,229,7.156660144846,14456,9.01013609736,158,9.01013609736,16456,9.196896176599,300,9.196896176599,16456,11.010409713017,158,11.010409713017,18456,11.174383454234,371,11.174383454234,18456,14.010409578303,158,14.010409578303,21456,14.169562544627,442,14.169562544627,21456,16.030163184211,158,16.030163184211,23456,16.199034500611,513,16.199034500611,23456,18.010137280564,158,18.010137280564,25456,18.108949454408,584,18.108949454408,25456
1.359284461639,16,1.359284461639,8456,3.079493805678,16,3.079493805678,10456,3.333739616163,87,3.333739616163,10456,3.333949421841,87,3.333949421841,10456,5.11949345149,16,5.11949345149,12456,5.309928035154,158,5.309928035154,12456,7.03394802083,87,7.03394802083,14456,7.356660144846,229,7.356660144846,14456,9.017141255697,229,9.017141255697,15456,9.396896176599,300,9.396896176599,16456,11.053948153372,87,11.053948153372,18456,11.374383454234,371,11.374383454234,18456,14.053948117286,87,14.053948117286,21456,14.369562544627,442,14.369562544627,21456,16.033948275877,87,16.033948275877,23456,16.399034500611,513,16.399034500611,23456,18.017140909973,229,18.017140909973,24456,18.308949454408,584,18.308949454408,25456
1.559284461639,16,1.559284461639,8456,3.199493805678,16,3.199493805678,10456,3.533739616163,87,3.533739616163,10456,3.533949421841,87,3.533949421841,10456,5.173947960304,87,5.173947960304,12456,5.509928035154,158,5.509928035154,12456,7.119765582292,16,7.119765582292,14456,7.556660144846,229,7.556660144846,14456,9.019765334247,16,9.019765334247,15456,9.596896176599,300,9.596896176599,16456,11.057612135133,300,11.057612135133,17456,11.574383454234,371,11.574383454234,18456,14.057559915763,300,14.057559915763,20456,14.569562544627,442,14.569562544627,21456,16.034864554383,371,16.034864554383,22456,16.599034500611,513,16.599034500611,23456,18.019764474468,16,18.019764474468,24456,18.508949454408,584,18.508949454408,25456
1.759284461639,16,1.759284461639,8456,3.319493805678,16,3.319493805678,10456,3.733739616163,87,3.733739616163,10456,3.734221421841,87,3.734221421841,10456,5.293947960304,87,5.293947960304,12456,5.709928035154,158,5.709928035154,12456,7.150137289999,158,7.150137289999,14456,7.756660144846,229,7.756660144846,14456,9.034220476774,87,9.034220476774,16456,9.796896176599,300,9.796896176599,16456,11.116868893114,229,11.116868893114,18456,11.774383454234,371,11.774383454234,18456,14.11686881581,229,14.11686881581,21456,14.769562544627,442,14.769562544627,21456,16.089771614877,442,16.089771614877,23456,16.799034500611,513,16.799034500611,23456,18.034220640131,87,18.034220640131,25456,18.708949454408,584,18.708949454408,25456
2.059284461639,16,2.059284461639,9456,3.379493805678,16,3.379493805678,10456,4.033739616163,87,4.033739616163,11456,4.033949333465,87,4.033949333465,11456,5.353947960304,87,5.353947960304,12456,6.009928035154,158,6.009928035154,13456,7.270137289999,158,7.270137289999,14456,8.056660144846,229,8.056660144846,15456,9.076869255697,229,9.076869255697,16456,10.096896176599,300,10.096896176599,17456,11.117305990287,300,11.117305990287,18456,12.074383454234,371,12.074383454234,19456,14.117266770917,300,14.117266770917,21456,15.069562544627,442,15.069562544627,22456,16.094592554383,371,16.094592554383,23456,17.099034500611,513,17.099034500611,24456,18.06977128063,442,18.06977128063,25456,19.008949454408,584,19.008949454408,26456
2.359284461639,16,2.359284461639,9456,4.119765717302,16,4.119765717302,11456,4.333739616163,87,4.333739616163,11456,4.334221333465,87,4.334221333465,11456,5.41976545149,16,5.41976545149,12456,6.309928035154,158,6.309928035154,13456,7.330137289999,158,7.330137289999,14456,8.356660144846,229,8.356660144846,15456,9.079493334247,16,9.079493334247,16456,10.396896176599,300,10.396896176599,17456,11.119493003746,16,11.119493003746,18456,12.374383454234,371,12.374383454234,19456,14.119492922661,16,14.119492922661,21456,15.369562544627,442,15.369562544627,22456,16.117140859947,229,16.117140859947,23456,17.399034500611,513,17.399034500611,24456,18.076868909973,229,18.076868909973,25456,19.308949454408,584,19.308949454408,26456
2.659284461639,16,2.659284461639,9456,4.819765717302,16,4.819765717302,11456,4.633739616163,87,4.633739616163,11456,4.633949333465,87,4.633949333465,11456,5.71949345149,16,5.71949345149,12456,6.609928035154,158,6.609928035154,13456,7.33422002083,87,7.33422002083,14456,8.656660144846,229,8.656660144846,15456,9.196869255697,229,9.196869255697,16456,10.696896176599,300,10.696896176599,17456,11.173948153372,87,11.173948153372,18456,12.674383454234,371,12.674383454234,19456,14.13486304602,371,14.13486304602,21456,15.669562544627,442,15.669562544627,22456,16.119765392271,16,16.119765392271,23456,17.699034500611,513,17.699034500611,24456,18.079492474468,16,18.079492474468,25456,,,,
2.959284461639,16,2.959284461639,9456,5.110408995458,158,5.110408995458,12456,4.933739616163,87,4.933739616163,11456,4.934221333465,87,4.934221333465,11456,6.019765416629,16,6.019765416629,12456,6.909928035154,158,6.909928035154,13456,7.63394802083,87,7.63394802083,14456,8.956660144846,229,8.956660144846,15456,9.199493334247,16,9.199493334247,16456,10.996896176599,300,10.996896176599,17456,11.237105794647,300,11.237105794647,18456,12.974383454234,371,12.974383454234,19456,14.173948117286,87,14.173948117286,21456,15.969562544627,442,15.969562544627,22456,16.150228184211,158,16.150228184211,23456,17.999034500611,513,17.999034500611,24456,18.119243685866,513,18.119243685866,25456,,,,
3.059284461639,16,3.059284461639,10456,5.119493629547,16,5.119493629547,12456,5.033739616163,87,5.033739616163,12456,5.053948629547,87,5.053948629547,12456,6.03422054442,87,6.03422054442,13456,7.009928035154,158,7.009928035154,14456,7.819765582292,16,7.819765582292,14456,9.056660144846,229,9.056660144846,16456,9.31040809736,158,9.31040809736,16456,11.096896176599,300,11.096896176599,18456,11.293948153372,87,11.293948153372,18456,13.074383454234,371,13.074383454234,20456,14.237105709821,300,14.237105709821,21456,16.069562544627,442,16.069562544627,23456,16.157104728135,300,16.157104728135,23456,18.099034500611,513,18.099034500611,25456,18.134591708288,371,18.134591708288,25456,,,,
3.159284461639,16,3.159284461639,10456,5.310136995458,158,5.310136995458,12456,5.133739616163,87,5.133739616163,12456,5.110409486644,158,5.110409486644,12456,6.079493416629,16,6.079493416629,13456,7.109928035154,158,7.109928035154,14456,7.93422002083,87,7.93422002083,14456,9.156660144846,229,9.156660144846,16456,9.316869255697,229,9.316869255697,16456,11.196896176599,300,11.196896176599,18456,11.353948153372,87,11.353948153372,18456,13.174383454234,371,13.174383454234,20456,14.293948117286,87,14.293948117286,21456,16.169562544627,442,16.169562544627,23456,16.209771614877,442,16.209771614877,23456,18.199034500611,513,18.199034500611,25456,18.157377320364,300,18.157377320364,25456,,,,
3.259284461639,16,3.259284461639,10456,5.419765629547,16,5.419765629547,12456,5.233739616163,87,5.233739616163,12456,5.173948629547,87,5.173948629547,12456,6.199493416629,16,6.199493416629,13456,7.209928035154,158,7.209928035154,14456,8.010409283299,158,8.010409283299,15456,9.256660144846,229,9.256660144846,16456,9.319493334247,16,9.319493334247,16456,11.296896176599,300,11.296896176599,18456,11.357288135133,300,11.357288135133,18456,13.274383454234,371,13.274383454234,20456,14.353948117286,87,14.353948117286,21456,16.269562544627,442,16.269562544627,23456,16.214592554383,371,16.214592554383,23456,18.299034500611,513,18.299034500611,25456,18.196868909973,229,18.196868909973,25456,,,,
3.359284461639,16,3.359284461639,10456,5.510136995458,158,5.510136995458,12456,5.333739616163,87,5.333739616163,12456,5.293948629547,87,5.293948629547,12456,6.319493416629,16,6.319493416629,13456,7.309928035154,158,7.309928035154,14456,8.053947401644,87,8.053947401644,15456,9.356660144846,229,9.356660144846,16456,9.376869255697,229,9.376869255697,16456,11.396896176599,300,11.396896176599,18456,11.417140893114,229,11.417140893114,18456,13.374383454234,371,13.374383454234,20456,14.357313915763,300,14.357313915763,21456,16.369562544627,442,16.369562544627,23456,16.270241184211,158,16.270241184211,23456,18.399034500611,513,18.399034500611,25456,18.199492474468,16,18.199492474468,25456,,,,
4.059284461639,16,4.059284461639,11456,5.710408995458,158,5.710408995458,12456,6.033739616163,87,6.033739616163,13456,5.310137486644,158,5.310137486644,12456,6.379493416629,16,6.379493416629,13456,8.009928035154,158,8.009928035154,15456,8.11949348619,16,8.11949348619,15456,10.056660144846,229,10.056660144846,17456,9.379493334247,16,9.379493334247,16456,12.096896176599,300,12.096896176599,19456,11.417629990287,300,11.417629990287,18456,14.074383454234,371,14.074383454234,21456,14.41714081581,229,14.41714081581,21456,17.069562544627,442,17.069562544627,24456,16.329771614877,442,16.329771614877,23456,19.099034500611,513,19.099034500611,26456,18.239243685866,513,18.239243685866,25456,,,,
4.759284461639,16,4.759284461639,11456,5.719493629547,16,5.719493629547,12456,6.733739616163,87,6.733739616163,13456,5.353948629547,87,5.353948629547,12456,6.73422054442,87,6.73422054442,13456,8.709928035154,158,8.709928035154,15456,8.173947401644,87,8.173947401644,15456,10.756660144846,229,10.756660144846,17456,9.61013609736,158,9.61013609736,16456,12.796896176599,300,12.796896176599,19456,11.419765003746,16,11.419765003746,18456,14.774383454234,371,14.774383454234,21456,14.417499770917,300,14.417499770917,21456,17.769562544627,442,17.769562544627,24456,16.330136710883,158,16.330136710883,23456,,,,,18.310409280564,158,18.310409280564,25456,,,,
5.059284461639,16,5.059284461639,12456,6.010136963411,158,6.010136963411,13456,7.033739616163,87,7.033739616163,14456,5.510137486644,158,5.510137486644,12456,7.033948508054,87,7.033948508054,14456,9.009928035154,158,9.009928035154,16456,8.293947401644,87,8.293947401644,15456,11.056660144846,229,11.056660144846,18456,9.734220476774,87,9.734220476774,16456,13.096896176599,300,13.096896176599,20456,11.710409713017,158,11.710409713017,18456,15.074383454234,371,15.074383454234,22456,14.419764922661,16,14.419764922661,21456,18.069562544627,442,18.069562544627,25456,16.334220275877,87,16.334220275877,23456,,,,,18.316868909973,229,18.316868909973,25456,,,,
5.359284461639,16,5.359284461639,12456,6.019765543539,16,6.019765543539,12456,7.333739616163,87,7.333739616163,14456,5.710409486644,158,5.710409486644,12456,7.119765377993,16,7.119765377993,14456,9.309928035154,158,9.309928035154,16456,8.353947401644,87,8.353947401644,15456,11.356660144846,229,11.356660144846,18456,9.91040809736,158,9.91040809736,16456,13.396896176599,300,13.396896176599,20456,11.716868893114,229,11.716868893114,18456,15.374383454234,371,15.374383454234,22456,14.710409578303,158,14.710409578303,21456,18.369562544627,442,18.369562544627,25456,16.334670186892,371,16.334670186892,23456,,,,,18.319492474468,16,18.319492474468,25456,,,,
5.659284461639,16,5.659284461639,12456,6.079493543539,16,6.079493543539,13456,7.633739616163,87,7.633739616163,14456,6.010137451783,158,6.010137451783,13456,7.217141289999,229,7.217141289999,14456,9.609928035154,158,9.609928035154,16456,8.41976548619,16,8.41976548619,15456,11.656660144846,229,11.656660144846,18456,10.030136089178,158,10.030136089178,17456,13.696896176599,300,13.696896176599,20456,11.719493003746,16,11.719493003746,18456,15.674383454234,371,15.674383454234,22456,14.71686881581,229,14.71686881581,21456,18.669562544627,442,18.669562544627,25456,16.389771614877,442,16.389771614877,23456,,,,,18.359243685866,513,18.359243685866,25456,,,,
5.959284461639,16,5.959284461639,12456,6.199493543539,16,6.199493543539,13456,7.933739616163,87,7.933739616163,14456,6.034221159702,87,6.034221159702,13456,7.334220508054,87,7.334220508054,14456,9.909928035154,158,9.909928035154,16456,8.710409283299,158,8.710409283299,15456,11.956660144846,229,11.956660144846,18456,10.033948450317,87,10.033948450317,17456,13.996896176599,300,13.996896176599,20456,12.010137660977,158,12.010137660977,19456,15.974383454234,371,15.974383454234,22456,14.719492922661,16,14.719492922661,21456,18.969562544627,442,18.969562544627,25456,16.394592554383,371,16.394592554383,23456,,,,,18.37004328063,442,18.37004328063,25456,,,,
6.059284461639,16,6.059284461639,13456,6.310408963411,158,6.310408963411,13456,8.033739616163,87,8.033739616163,15456,6.310409451783,158,6.310409451783,13456,7.416869289999,229,7.416869289999,14456,10.009928035154,158,10.009928035154,17456,8.71949348619,16,8.71949348619,15456,12.056660144846,229,12.056660144846,19456,10.117141228582,229,10.117141228582,17456,14.096896176599,300,14.096896176599,21456,12.017140859398,229,12.017140859398,18456,16.074383454234,371,16.074383454234,23456,14.83486304602,371,14.83486304602,21456,19.069562544627,442,19.069562544627,26456,16.457571820247,300,16.457571820247,23456,,,,,18.376868909973,229,18.376868909973,25456,,,,
6.159284461639,16,6.159284461639,13456,6.319493543539,16,6.319493543539,13456,8.133739616163,87,8.133739616163,15456,6.610137451783,158,6.610137451783,13456,7.616869289999,229,7.616869289999,14456,10.109928035154,158,10.109928035154,17456,9.010137236918,158,9.010137236918,16456,12.156660144846,229,12.156660144846,19456,10.119765304725,16,10.119765304725,17456,14.196896176599,300,14.196896176599,21456,12.019764972531,16,12.019764972531,18456,16.174383454234,371,16.174383454234,23456,15.010137540912,158,15.010137540912,22456,19.169562544627,442,19.169562544627,26456,16.633948275877,87,16.633948275877,23456,,,,,18.379492474468,16,18.379492474468,25456,,,,
6.259284461639,16,6.259284461639,13456,6.379493543539,16,6.379493543539,13456,8.233739616163,87,8.233739616163,15456,6.734221159702,87,6.734221159702,13456,7.633948508054,87,7.633948508054,14456,10.209928035154,158,10.209928035154,17456,9.019765390145,16,9.019765390145,15456,12.256660144846,229,12.256660144846,19456,10.150136089178,158,10.150136089178,17456,14.296896176599,300,14.296896176599,21456,12.034220747826,87,12.034220747826,19456,16.274383454234,371,16.274383454234,23456,15.017140790042,229,15.017140790042,21456,19.269562544627,442,19.269562544627,26456,16.757377820247,300,16.757377820247,23456,,,,,18.419243685866,513,18.419243685866,25456,,,,
6.359284461639,16,6.359284461639,13456,6.610136963411,158,6.610136963411,13456,8.333739616163,87,8.333739616163,15456,6.910409451783,158,6.910409451783,13456,7.817141289999,229,7.817141289999,14456,10.309928035154,158,10.309928035154,17456,9.034220014893,87,9.034220014893,16456,12.356660144846,229,12.356660144846,19456,10.270136089178,158,10.270136089178,17456,14.396896176599,300,14.396896176599,21456,12.076868859398,229,12.076868859398,19456,16.374383454234,371,16.374383454234,23456,15.019764888567,16,15.019764888567,21456,19.369562544627,442,19.369562544627,26456,16.817140859947,229,16.817140859947,23456,,,,,18.434863708288,371,18.434863708288,25456,,,,
7.059284461639,16,7.059284461639,14456,6.910408963411,158,6.910408963411,13456,9.033739616163,87,9.033739616163,16456,7.030137377993,158,7.030137377993,14456,7.819765377993,16,7.819765377993,14456,11.009928035154,158,11.009928035154,18456,9.079493390145,16,9.079493390145,16456,13.056660144846,229,13.056660144846,20456,10.330136089178,158,10.330136089178,17456,15.096896176599,300,15.096896176599,22456,12.079492972531,16,12.079492972531,19456,17.074383454234,371,17.074383454234,24456,15.034220719486,87,15.034220719486,22456,,,,,16.819765392271,16,16.819765392271,23456,,,,,18.610137280564,158,18.610137280564,25456,,,,
7.759284461639,16,7.759284461639,14456,7.030136891891,158,7.030136891891,14456,9.733739616163,87,9.733739616163,16456,7.033949072959,87,7.033949072959,14456,7.934220508054,87,7.934220508054,14456,11.709928035154,158,11.709928035154,18456,9.199493390145,16,9.199493390145,16456,13.756660144846,229,13.756660144846,20456,10.334220450317,87,10.334220450317,17456,15.796896176599,300,15.796896176599,22456,12.157377765884,300,12.157377765884,19456,17.774383454234,371,17.774383454234,24456,15.076868790042,229,15.076868790042,22456,,,,,16.934220275877,87,16.934220275877,23456,,,,,18.66977128063,442,18.66977128063,25456,,,,
8.059284461639,16,8.059284461639,15456,7.119765456796,16,7.119765456796,14456,10.033739616163,87,10.033739616163,17456,7.150137377993,158,7.150137377993,14456,8.053947852429,87,8.053947852429,15456,12.009928035154,158,12.009928035154,19456,9.257572511394,300,9.257572511394,16456,14.056660144846,229,14.056660144846,21456,10.633948450317,87,10.633948450317,17456,16.096896176599,300,16.096896176599,23456,12.196868859398,229,12.196868859398,19456,18.074383454234,371,18.074383454234,25456,15.079492888567,16,15.079492888567,22456,,,,,17.010408721223,158,17.010408721223,24456,,,,,18.734220640131,87,18.734220640131,25456,,,,
8.359284461639,16,8.359284461639,15456,7.150136891891,158,7.150136891891,14456,10.333739616163,87,10.333739616163,17456,7.217141582292,229,7.217141582292,14456,8.116869248145,229,8.116869248145,15456,12.309928035154,158,12.309928035154,19456,9.310409236918,158,9.310409236918,16456,14.356660144846,229,14.356660144846,21456,10.817141228582,229,10.817141228582,17456,16.396896176599,300,16.396896176599,23456,12.199492972531,16,12.199492972531,19456,18.374383454234,371,18.374383454234,25456,15.134591061495,371,15.134591061495,22456,,,,,17.053947664943,87,17.053947664943,24456,,,,,18.734695288078,371,18.734695288078,25456,,,,
8.659284461639,16,8.659284461639,15456,7.217140404667,229,7.217140404667,14456,10.633739616163,87,10.633739616163,17456,7.270137377993,158,7.270137377993,14456,8.119493334289,16,8.119493334289,15456,12.609928035154,158,12.609928035154,19456,9.319493390145,16,9.319493390145,16456,14.656660144846,229,14.656660144846,21456,10.819765304725,16,10.819765304725,17456,16.696896176599,300,16.696896176599,23456,12.310409660977,158,12.310409660977,19456,18.674383454234,371,18.674383454234,25456,15.157377663359,300,15.157377663359,22456,,,,,17.057558715483,300,17.057558715483,23456,,,,,18.857650296465,300,18.857650296465,25456,,,,
8.959284461639,16,8.959284461639,15456,7.270136891891,158,7.270136891891,14456,10.933739616163,87,10.933739616163,17456,7.330137377993,158,7.330137377993,14456,8.173947852429,87,8.173947852429,15456,12.909928035154,158,12.909928035154,19456,9.379493390145,16,9.379493390145,16456,14.956660144846,229,14.956660144846,21456,10.934220450317,87,10.934220450317,17456,16.996896176599,300,16.996896176599,23456,12.316868859398,229,12.316868859398,19456,18.974383454234,371,18.974383454234,25456,15.196868790042,229,15.196868790042,22456,,,,,17.070044128313,442,17.070044128313,24456,,,,,18.910409280564,158,18.910409280564,25456,,,,
9.059284461639,16,9.059284461639,16456,7.330136891891,158,7.330136891891,14456,11.033739616163,87,11.033739616163,18456,7.334221072959,87,7.334221072959,14456,8.293947852429,87,8.293947852429,15456,13.009928035154,158,13.009928035154,20456,9.457105255697,300,9.457105255697,16456,15.056660144846,229,15.056660144846,22456,11.010408151944,158,11.010408151944,18456,17.096896176599,300,17.096896176599,24456,12.319492972531,16,12.319492972531,19456,19.074383454234,371,19.074383454234,26456,15.199492888567,16,15.199492888567,22456,,,,,17.116868866561,229,17.116868866561,24456,,,,,18.97004328063,442,18.97004328063,25456,,,,
9.159284461639,16,9.159284461639,16456,7.416868404667,229,7.416868404667,14456,11.133739616163,87,11.133739616163,18456,7.416869582292,229,7.416869582292,14456,8.353947852429,87,8.353947852429,15456,13.109928035154,158,13.109928035154,20456,9.610137236918,158,9.610137236918,16456,15.156660144846,229,15.156660144846,22456,11.053947804159,87,11.053947804159,18456,17.196896176599,300,17.196896176599,24456,12.376868859398,229,12.376868859398,19456,19.174383454234,371,19.174383454234,26456,15.310409540912,158,15.310409540912,22456,,,,,17.117239570637,300,17.117239570637,24456,,,,,19.030137222795,158,19.030137222795,26456,,,,
9.259284461639,16,9.259284461639,16456,7.616868404667,229,7.616868404667,14456,11.233739616163,87,11.233739616163,18456,7.616869582292,229,7.616869582292,14456,8.417141248145,229,8.417141248145,15456,13.209928035154,158,13.209928035154,20456,9.657105255697,300,9.657105255697,16456,15.256660144846,229,15.256660144846,22456,11.11686919564,229,11.11686919564,18456,17.296896176599,300,17.296896176599,24456,12.379492972531,16,12.379492972531,19456,19.274383454234,371,19.274383454234,26456,15.316868790042,229,15.316868790042,22456,,,,,17.119493307059,16,17.119493307059,24456,,,,,19.033948611283,87,19.033948611283,26456,,,,
9.359284461639,16,9.359284461639,16456,7.817140404667,229,7.817140404667,14456,11.333739616163,87,11.333739616163,18456,7.633949072959,87,7.633949072959,14456,8.419765334289,16,8.419765334289,15456,13.309928035154,158,13.309928035154,20456,9.734220014893,87,9.734220014893,16456,15.356660144846,229,15.356660144846,22456,11.119493278917,16,11.119493278917,18456,17.396896176599,300,17.396896176599,24456,12.610137660977,158,12.610137660977,19456,19.374383454234,371,19.374383454234,26456,15.319492888567,16,15.319492888567,22456,,,,,17.134864519506,371,17.134864519506,24456,,,,,19.034863702628,371,19.034863702628,25456,,,,
10.059284461639,16,10.059284461639,17456,7.819765456796,16,7.819765456796,14456,12.033739616163,87,12.033739616163,19456,7.817141582292,229,7.817141582292,14456,8.716869248145,229,8.716869248145,15456,14.009928035154,158,14.009928035154,21456,9.85753365624,300,9.85753365624,16456,16.056660144846,229,16.056660144846,23456,11.173947804159,87,11.173947804159,18456,18.096896176599,300,18.096896176599,25456,12.734220747826,87,12.734220747826,19456,,,,,15.376868790042,229,15.376868790042,22456,,,,,17.173947664943,87,17.173947664943,24456,,,,,19.08977072741,442,19.08977072741,26456,,,,
10.759284461639,16,10.759284461639,17456,8.010408887583,158,8.010408887583,15456,12.733739616163,87,12.733739616163,19456,7.934221072959,87,7.934221072959,14456,8.719493334289,16,8.719493334289,15456,14.709928035154,158,14.709928035154,21456,9.910409236918,158,9.910409236918,16456,16.756660144846,229,16.756660144846,23456,11.234864794647,371,11.234864794647,18456,18.796896176599,300,18.796896176599,25456,12.857482068664,300,12.857482068664,19456,,,,,15.379492888567,16,15.379492888567,22456,,,,,17.237104682642,300,17.237104682642,24456,,,,,19.094591702628,371,19.094591702628,26456,,,,
11.059284461639,16,11.059284461639,18456,8.116868401644,229,8.116868401644,15456,13.033739616163,87,13.033739616163,20456,8.010409369443,158,8.010409369443,15456,9.017141201764,229,9.017141201764,15456,15.009928035154,158,15.009928035154,22456,10.030137150164,158,10.030137150164,17456,17.056660144846,229,17.056660144846,24456,11.293947804159,87,11.293947804159,18456,19.096896176599,300,19.096896176599,26456,12.910409660977,158,12.910409660977,19456,,,,,15.434863061495,371,15.434863061495,22456,,,,,17.293947664943,87,17.293947664943,24456,,,,,19.099516153013,513,19.099516153013,26456,,,,
11.359284461639,16,11.359284461639,18456,8.119493371084,16,8.119493371084,15456,13.333739616163,87,13.333739616163,20456,8.053948371084,87,8.053948371084,15456,9.019765284224,16,9.019765284224,15456,15.309928035154,158,15.309928035154,22456,10.033948013109,87,10.033948013109,17456,17.356660144846,229,17.356660144846,24456,11.353947804159,87,11.353947804159,18456,19.396896176599,300,19.396896176599,26456,13.030137565017,158,13.030137565017,20456,,,,,15.610137540912,158,15.610137540912,22456,,,,,17.353947664943,87,17.353947664943,24456,,,,,19.117140862105,229,19.117140862105,26456,,,,
11.659284461639,16,11.659284461639,18456,8.417140401644,229,8.417140401644,15456,13.633739616163,87,13.633739616163,20456,8.11686948619,229,8.11686948619,15456,9.034220424776,87,9.034220424776,16456,15.609928035154,158,15.609928035154,22456,10.119765300924,16,10.119765300924,17456,17.656660144846,229,17.656660144846,24456,11.41714119564,229,11.41714119564,18456,,,,,13.033948721199,87,13.033948721199,20456,,,,,15.734220719486,87,15.734220719486,22456,,,,,17.357234715483,300,17.357234715483,24456,,,,,19.119764527384,16,19.119764527384,26456,,,,
11.959284461639,16,11.959284461639,18456,8.419765371084,16,8.419765371084,15456,13.933739616163,87,13.933739616163,20456,8.173948371084,87,8.173948371084,15456,9.076869201764,229,9.076869201764,16456,15.909928035154,158,15.909928035154,22456,10.150137150164,158,10.150137150164,17456,17.956660144846,229,17.956660144846,24456,11.419765278917,16,11.419765278917,18456,,,,,13.117140819202,229,13.117140819202,20456,,,,,15.734616720817,371,15.734616720817,22456,,,,,17.417140866561,229,17.417140866561,24456,,,,,19.150137222795,158,19.150137222795,26456,,,,
12.059284461639,16,12.059284461639,19456,8.710408887583,158,8.710408887583,15456,14.033739616163,87,14.033739616163,21456,8.293948371084,87,8.293948371084,15456,9.079493284224,16,9.079493284224,16456,16.009928035154,158,16.009928035154,23456,10.157105228582,300,10.157105228582,17456,18.056660144846,229,18.056660144846,25456,11.434592794647,371,11.434592794647,18456,,,,,13.119764933651,16,13.119764933651,20456,,,,,15.85752081378,300,15.85752081378,22456,,,,,17.417563570637,300,17.417563570637,24456,,,,,19.15710527532,300,19.15710527532,26456,,,,
12.159284461639,16,12.159284461639,19456,8.716868401644,229,8.716868401644,15456,14.133739616163,87,14.133739616163,21456,8.353948371084,87,8.353948371084,15456,9.196869201764,229,9.196869201764,16456,16.109928035154,158,16.109928035154,23456,10.270137150164,158,10.270137150164,17456,18.156660144846,229,18.156660144846,25456,11.634592794647,371,11.634592794647,18456,,,,,13.150137565017,158,13.150137565017,20456,,,,,15.910409540912,158,15.910409540912,22456,,,,,17.419765307059,16,17.419765307059,24456,,,,,19.20977072741,442,19.20977072741,26456,,,,
12.259284461639,16,12.259284461639,19456,8.719493371084,16,8.719493371084,15456,14.233739616163,87,14.233739616163,21456,8.41714148619,229,8.41714148619,15456,9.199493284224,16,9.199493284224,16456,16.209928035154,158,16.209928035154,23456,10.330137150164,158,10.330137150164,17456,18.256660144846,229,18.256660144846,25456,11.710408151944,158,11.710408151944,18456,,,,,13.157105722121,300,13.157105722121,20456,,,,,16.030163946656,158,16.030163946656,23456,,,,,17.710408721223,158,17.710408721223,24456,,,,,19.214591702628,371,19.214591702628,26456,,,,
12.359284461639,16,12.359284461639,19456,9.010136843767,158,9.010136843767,16456,14.333739616163,87,14.333739616163,21456,8.710409369443,158,8.710409369443,15456,9.257571317903,300,9.257571317903,16456,16.309928035154,158,16.309928035154,23456,10.334220013109,87,10.334220013109,17456,18.356660144846,229,18.356660144846,25456,11.71686919564,229,11.71686919564,18456,,,,,13.270137565017,158,13.270137565017,20456,,,,,16.033948699454,87,16.033948699454,23456,,,,,17.716868866561,229,17.716868866561,24456,,,,,19.270150603272,158,19.270150603272,26456,,,,
13.059284461639,16,13.059284461639,20456,9.01714039873,229,9.01714039873,15456,15.033739616163,87,15.033739616163,22456,8.71686948619,229,8.71686948619,15456,9.316869201764,229,9.316869201764,16456,17.009928035154,158,17.009928035154,24456,10.45748160201,300,10.45748160201,17456,19.056660144846,229,19.056660144846,26456,11.719493278917,16,11.719493278917,18456,,,,,13.330137565017,158,13.330137565017,20456,,,,,16.03486306795,371,16.03486306795,22456,,,,,17.719493307059,16,17.719493307059,24456,,,,,19.32977072741,442,19.32977072741,26456,,,,
13.759284461639,16,13.759284461639,20456,9.019765285837,16,9.019765285837,15456,15.733739616163,87,15.733739616163,22456,9.010137319378,158,9.010137319378,16456,9.319493284224,16,9.319493284224,16456,17.709928035154,158,17.709928035154,24456,10.633948013109,87,10.633948013109,17456,,,,,11.834864794647,371,11.834864794647,18456,,,,,13.334220721199,87,13.334220721199,20456,,,,,16.09459106795,371,16.09459106795,23456,,,,,17.770044128313,442,17.770044128313,24456,,,,,19.330168603272,158,19.330168603272,26456,,,,
14.059284461639,16,14.059284461639,21456,9.07686839873,229,9.07686839873,16456,16.033739616163,87,16.033739616163,23456,9.017141390145,229,9.017141390145,15456,9.376869201764,229,9.376869201764,16456,18.009928035154,158,18.009928035154,25456,10.75728760201,300,10.75728760201,17456,,,,,12.010136175221,158,12.010136175221,19456,,,,,13.457507979307,300,13.457507979307,20456,,,,,16.117140758402,229,16.117140758402,23456,,,,,17.834864519506,371,17.834864519506,24456,,,,,19.334220611283,87,19.334220611283,26456,,,,
14.359284461639,16,14.359284461639,21456,9.079493285837,16,9.079493285837,16456,16.333739616163,87,16.333739616163,23456,9.034220902,87,9.034220902,16456,9.379493284224,16,9.379493284224,16456,18.309928035154,158,18.309928035154,25456,10.819765300924,16,10.819765300924,17456,,,,,12.017141157934,229,12.017141157934,18456,,,,,13.633948721199,87,13.633948721199,20456,,,,,16.11976484635,16,16.11976484635,23456,,,,,18.010136706337,158,18.010136706337,25456,,,,,19.334604257561,371,19.334604257561,26456,,,,
14.659284461639,16,14.659284461639,21456,9.19686839873,229,9.19686839873,16456,16.633739616163,87,16.633739616163,23456,9.076869390145,229,9.076869390145,16456,9.457104062206,300,9.457104062206,16456,18.609928035154,158,18.609928035154,25456,10.934220013109,87,10.934220013109,17456,,,,,12.019765242011,16,12.019765242011,18456,,,,,13.757274979307,300,13.757274979307,20456,,,,,16.150228946656,158,16.150228946656,23456,,,,,18.017140871405,229,18.017140871405,24456,,,,,19.38977072741,442,19.38977072741,26456,,,,
14.959284461639,16,14.959284461639,21456,9.199493285837,16,9.199493285837,16456,16.933739616163,87,16.933739616163,23456,9.196869390145,229,9.196869390145,16456,9.657104062206,300,9.657104062206,16456,18.909928035154,158,18.909928035154,25456,11.010409126648,158,11.010409126648,18456,,,,,12.034220383091,87,12.034220383091,19456,,,,,13.817140819202,229,13.817140819202,20456,,,,,16.157105605645,300,16.157105605645,23456,,,,,18.019765214679,16,18.019765214679,24456,,,,,19.394591702628,371,19.394591702628,26456,,,,
15.059284461639,16,15.059284461639,22456,9.257572116308,300,9.257572116308,16456,17.033739616163,87,17.033739616163,24456,9.257572589944,300,9.257572589944,16456,9.734220424776,87,9.734220424776,16456,19.009928035154,158,19.009928035154,26456,11.053947393521,87,11.053947393521,18456,,,,,12.076869157934,229,12.076869157934,19456,,,,,13.819764933651,16,13.819764933651,20456,,,,,16.199516115488,513,16.199516115488,23456,,,,,18.034220282254,87,18.034220282254,25456,,,,,,,,,,,,
15.159284461639,16,15.159284461639,22456,9.310408843767,158,9.310408843767,16456,17.133739616163,87,17.133739616163,24456,9.310409319378,158,9.310409319378,16456,9.857532462749,300,9.857532462749,16456,19.109928035154,158,19.109928035154,26456,11.057611536126,300,11.057611536126,17456,,,,,12.079493242011,16,12.079493242011,19456,,,,,13.934220721199,87,13.934220721199,20456,,,,,16.21459106795,371,16.21459106795,23456,,,,,18.069772088562,442,18.069772088562,25456,,,,,,,,,,,,
15.259284461639,16,15.259284461639,22456,9.31686839873,229,9.31686839873,16456,17.233739616163,87,17.233739616163,24456,9.316869390145,229,9.316869390145,16456,10.033948374363,87,10.033948374363,17456,19.209928035154,158,19.209928035154,26456,11.11730539128,300,11.11730539128,18456,,,,,12.134592765884,371,12.134592765884,19456,,,,,14.010409532284,158,14.010409532284,21456,,,,,16.270241946656,158,16.270241946656,23456,,,,,18.076868871405,229,18.076868871405,25456,,,,,,,,,,,,
15.359284461639,16,15.359284461639,22456,9.319493285837,16,9.319493285837,16456,17.333739616163,87,17.333739616163,24456,9.376869390145,229,9.376869390145,16456,10.117141150164,229,10.117141150164,17456,19.309928035154,158,19.309928035154,26456,11.119493223667,16,11.119493223667,18456,,,,,12.196869157934,229,12.196869157934,19456,,,,,14.053948072634,87,14.053948072634,21456,,,,,16.330137473328,158,16.330137473328,23456,,,,,18.079493214679,16,18.079493214679,25456,,,,,,,,,,,,
16.059284461639,16,16.059284461639,23456,9.37686839873,229,9.37686839873,16456,18.033739616163,87,18.033739616163,25456,9.457105334247,300,9.457105334247,16456,10.119765232063,16,10.119765232063,17456,,,,,11.173947393521,87,11.173947393521,18456,,,,,12.199493242011,16,12.199493242011,19456,,,,,14.057559869744,300,14.057559869744,20456,,,,,16.334220699454,87,16.334220699454,23456,,,,,18.134592483087,371,18.134592483087,25456,,,,,,,,,,,,
16.759284461639,16,16.759284461639,23456,9.379493285837,16,9.379493285837,16456,18.733739616163,87,18.733739616163,25456,9.610137319378,158,9.610137319378,16456,10.157104089178,300,10.157104089178,17456,,,,,11.234863893114,371,11.234863893114,18456,,,,,12.310408175221,158,12.310408175221,19456,,,,,14.116868775628,229,14.116868775628,21456,,,,,16.334668700459,371,16.334668700459,23456,,,,,18.157376635737,300,18.157376635737,25456,,,,,,,,,,,,
17.059284461639,16,17.059284461639,24456,9.457104860611,300,9.457104860611,16456,19.033739616163,87,19.033739616163,26456,9.657105334247,300,9.657105334247,16456,10.334220374363,87,10.334220374363,17456,,,,,11.23710519564,300,11.23710519564,18456,,,,,12.316869157934,229,12.316869157934,19456,,,,,14.117266724898,300,14.117266724898,21456,,,,,16.39459106795,371,16.39459106795,23456,,,,,18.169430685866,584,18.169430685866,25456,,,,,,,,,,,,
17.359284461639,16,17.359284461639,24456,9.610136843767,158,9.610136843767,16456,19.333739616163,87,19.333739616163,26456,9.734220902,87,9.734220902,16456,10.457480462606,300,10.457480462606,17456,,,,,11.293947393521,87,11.293947393521,18456,,,,,12.319493242011,16,12.319493242011,19456,,,,,14.119492886867,16,14.119492886867,21456,,,,,16.399244115488,513,16.399244115488,23456,,,,,18.196868871405,229,18.196868871405,25456,,,,,,,,,,,,
17.659284461639,16,17.659284461639,24456,9.657104860611,300,9.657104860611,16456,,,,,9.85753373479,300,9.85753373479,16456,10.633948374363,87,10.633948374363,17456,,,,,11.353947393521,87,11.353947393521,18456,,,,,12.376869157934,229,12.376869157934,19456,,,,,14.170042590647,442,14.170042590647,21456,,,,,16.457572697757,300,16.457572697757,23456,,,,,18.199493214679,16,18.199493214679,25456,,,,,,,,,,,,
17.959284461639,16,17.959284461639,24456,9.857533261154,300,9.857533261154,16456,,,,,9.910409319378,158,9.910409319378,16456,10.757286462606,300,10.757286462606,17456,,,,,11.357287536126,300,11.357287536126,18456,,,,,12.379493242011,16,12.379493242011,19456,,,,,14.173948072634,87,14.173948072634,21456,,,,,16.599244115488,513,16.599244115488,23456,,,,,18.310408706337,158,18.310408706337,25456,,,,,,,,,,,,
18.059284461639,16,18.059284461639,25456,9.910408843767,158,9.910408843767,16456,,,,,10.030137232063,158,10.030137232063,17456,10.817141150164,229,10.817141150164,17456,,,,,11.41762939128,300,11.41762939128,18456,,,,,12.434864765884,371,12.434864765884,19456,,,,,14.237105663802,300,14.237105663802,21456,,,,,16.633948699454,87,16.633948699454,23456,,,,,18.316868871405,229,18.316868871405,25456,,,,,,,,,,,,
18.159284461639,16,18.159284461639,25456,10.0301367582,158,10.0301367582,17456,,,,,10.033948821183,87,10.033948821183,17456,10.819765232063,16,10.819765232063,17456,,,,,11.419765223667,16,11.419765223667,18456,,,,,12.610136175221,158,12.610136175221,19456,,,,,14.293948072634,87,14.293948072634,21456,,,,,16.757378697757,300,16.757378697757,23456,,,,,18.319493214679,16,18.319493214679,25456,,,,,,,,,,,,
18.259284461639,16,18.259284461639,25456,10.117140396946,229,10.117140396946,17456,,,,,10.117141300924,229,10.117141300924,17456,10.934220374363,87,10.934220374363,17456,,,,,11.434591893114,371,11.434591893114,18456,,,,,12.734220383091,87,12.734220383091,19456,,,,,14.353948072634,87,14.353948072634,21456,,,,,16.799516115488,513,16.799516115488,23456,,,,,18.369158685866,584,18.369158685866,25456,,,,,,,,,,,,
18.359284461639,16,18.359284461639,25456,10.11976520502,16,10.11976520502,17456,,,,,10.150137232063,158,10.150137232063,17456,11.053947703127,87,11.053947703127,18456,,,,,11.634591893114,371,11.634591893114,18456,,,,,12.734592765884,371,12.734592765884,19456,,,,,14.357313869744,300,14.357313869744,21456,,,,,16.817140758402,229,16.817140758402,23456,,,,,18.370044088562,442,18.370044088562,25456,,,,,,,,,,,,
19.059284461639,16,19.059284461639,26456,10.1501367582,158,10.1501367582,17456,,,,,10.157105304725,300,10.157105304725,17456,11.057610457276,300,11.057610457276,17456,,,,,11.710409126648,158,11.710409126648,18456,,,,,12.910408175221,158,12.910408175221,19456,,,,,14.369770590647,442,14.369770590647,21456,,,,,16.81976484635,16,16.81976484635,23456,,,,,18.376868871405,229,18.376868871405,25456,,,,,,,,,,,,
,,,,10.157104834154,300,10.157104834154,17456,,,,,10.270137232063,158,10.270137232063,17456,11.116869091494,229,11.116869091494,18456,,,,,11.719493223667,16,11.719493223667,18456,,,,,13.030136157112,158,13.030136157112,20456,,,,,14.417140775628,229,14.417140775628,21456,,,,,16.934220699454,87,16.934220699454,23456,,,,,18.379493214679,16,18.379493214679,25456,,,,,,,,,,,,
,,,,10.2701367582,158,10.2701367582,17456,,,,,10.330137232063,158,10.330137232063,17456,11.11730431243,300,11.11730431243,18456,,,,,11.834863893114,371,11.834863893114,18456,,,,,13.033948340216,87,13.033948340216,20456,,,,,14.417499724898,300,14.417499724898,21456,,,,,17.010409469843,158,17.010409469843,24456,,,,,18.434864483087,371,18.434864483087,25456,,,,,,,,,,,,
,,,,10.3301367582,158,10.3301367582,17456,,,,,10.334220821183,87,10.334220821183,17456,11.119493183343,16,11.119493183343,18456,,,,,12.010137066696,158,12.010137066696,19456,,,,,13.034864722121,371,13.034864722121,19456,,,,,14.419764886867,16,14.419764886867,21456,,,,,17.053948060001,87,17.053948060001,24456,,,,,18.569158685866,584,18.569158685866,25456,,,,,,,,,,,,
,,,,10.457481207582,300,10.457481207582,17456,,,,,10.457481678153,300,10.457481678153,17456,11.173947703127,87,11.173947703127,18456,,,,,12.019765141003,16,12.019765141003,18456,,,,,13.094592722121,371,13.094592722121,20456,,,,,14.569770590647,442,14.569770590647,21456,,,,,17.05755957373,300,17.05755957373,23456,,,,,18.610136706337,158,18.610136706337,25456,,,,,,,,,,,,
,,,,10.757287207582,300,10.757287207582,17456,,,,,10.633948821183,87,10.633948821183,17456,11.234864677863,371,11.234864677863,18456,,,,,12.0342200084,87,12.0342200084,19456,,,,,13.11714111234,229,13.11714111234,20456,,,,,14.710409532284,158,14.710409532284,21456,,,,,17.099244084297,513,17.099244084297,24456,,,,,18.669772088562,442,18.669772088562,25456,,,,,,,,,,,,
,,,,10.817140396946,229,10.817140396946,17456,,,,,10.757287678153,300,10.757287678153,17456,11.23710411679,300,11.23710411679,18456,,,,,12.079493141003,16,12.079493141003,19456,,,,,13.119765196167,16,13.119765196167,20456,,,,,14.716868775628,229,14.716868775628,21456,,,,,17.116868724737,229,17.116868724737,24456,,,,,18.734220282254,87,18.734220282254,25456,,,,,,,,,,,,
,,,,10.81976520502,16,10.81976520502,17456,,,,,10.817141300924,229,10.817141300924,17456,11.293947703127,87,11.293947703127,18456,,,,,12.134591859398,371,12.134591859398,19456,,,,,13.150136157112,158,13.150136157112,20456,,,,,14.719492886867,16,14.719492886867,21456,,,,,17.117240428884,300,17.117240428884,24456,,,,,18.734696062877,371,18.734696062877,25456,,,,,,,,,,,,
,,,,11.010408738281,158,11.010408738281,18456,,,,,10.934220821183,87,10.934220821183,17456,11.353947703127,87,11.353947703127,18456,,,,,12.157377157934,300,12.157377157934,19456,,,,,13.214592722121,371,13.214592722121,20456,,,,,14.770042590647,442,14.770042590647,21456,,,,,17.119492797899,16,17.119492797899,24456,,,,,18.769430685866,584,18.769430685866,25456,,,,,,,,,,,,
,,,,11.057611144645,300,11.057611144645,17456,,,,,11.010409218497,158,11.010409218497,18456,11.357286457276,300,11.357286457276,18456,,,,,12.199493141003,16,12.199493141003,19456,,,,,13.270136157112,158,13.270136157112,20456,,,,,15.010137479419,158,15.010137479419,22456,,,,,17.134863071526,371,17.134863071526,24456,,,,,18.857649611838,300,18.857649611838,25456,,,,,,,,,,,,
,,,,11.116868393521,229,11.116868393521,18456,,,,,11.053948140511,87,11.053948140511,18456,11.417141091494,229,11.417141091494,18456,,,,,12.310409066696,158,12.310409066696,19456,,,,,13.330136157112,158,13.330136157112,20456,,,,,15.017140735016,229,15.017140735016,21456,,,,,17.173948060001,87,17.173948060001,24456,,,,,18.910408706337,158,18.910408706337,25456,,,,,,,,,,,,
,,,,11.117304999799,300,11.117304999799,18456,,,,,11.057611619403,300,11.057611619403,17456,11.41762831243,300,11.41762831243,18456,,,,,12.319493141003,16,12.319493141003,19456,,,,,13.334220340216,87,13.334220340216,20456,,,,,15.019764839352,16,15.019764839352,21456,,,,,17.237105540889,300,17.237105540889,24456,,,,,18.970044088562,442,18.970044088562,25456,,,,,,,,,,,,
,,,,11.119493140511,16,11.119493140511,18456,,,,,11.116869223667,229,11.116869223667,18456,11.419765183343,16,11.419765183343,18456,,,,,12.379493141003,16,12.379493141003,19456,,,,,13.33472244332,371,13.33472244332,20456,,,,,15.034220659322,87,15.034220659322,22456,,,,,17.293948060001,87,17.293948060001,24456,,,,,19.030136666498,158,19.030136666498,26456,,,,,,,,,,,,
,,,,11.234864153372,371,11.234864153372,18456,,,,,11.117305474557,300,11.117305474557,18456,11.434592677863,371,11.434592677863,18456,,,,,12.434863859398,371,12.434863859398,19456,,,,,13.394592722121,371,13.394592722121,20456,,,,,15.069770606122,442,15.069770606122,22456,,,,,17.353948060001,87,17.353948060001,24456,,,,,19.033948278405,87,19.033948278405,26456,,,,,,,,,,,,
,,,,11.237104804159,300,11.237104804159,18456,,,,,11.173948140511,87,11.173948140511,18456,11.634592677863,371,11.634592677863,18456,,,,,12.610137066696,158,12.610137066696,19456,,,,,13.633948340216,87,13.633948340216,20456,,,,,15.076868735016,229,15.076868735016,22456,,,,,17.35723557373,300,17.35723557373,24456,,,,,19.034864446815,371,19.034864446815,25456,,,,,,,,,,,,
,,,,11.357287144645,300,11.357287144645,18456,,,,,11.234864003746,371,11.234864003746,18456,11.716869091494,229,11.716869091494,18456,,,,,12.7342200084,87,12.7342200084,19456,,,,,13.81714111234,229,13.81714111234,20456,,,,,15.079492839352,16,15.079492839352,22456,,,,,17.399516084297,513,17.399516084297,24456,,,,,19.069158652402,584,19.069158652402,26456,,,,,,,,,,,,
,,,,11.417140393521,229,11.417140393521,18456,,,,,11.237105278917,300,11.237105278917,18456,11.719493183343,16,11.719493183343,18456,,,,,12.734591859398,371,12.734591859398,19456,,,,,13.819765196167,16,13.819765196167,20456,,,,,15.157377601866,300,15.157377601866,22456,,,,,17.417140724737,229,17.417140724737,24456,,,,,19.089771504532,442,19.089771504532,26456,,,,,,,,,,,,
,,,,11.417628999799,300,11.417628999799,18456,,,,,11.293948140511,87,11.293948140511,18456,11.834864677863,371,11.834864677863,18456,,,,,12.857481460714,300,12.857481460714,19456,,,,,13.934220340216,87,13.934220340216,20456,,,,,15.196868735016,229,15.196868735016,22456,,,,,17.417564428884,300,17.417564428884,24456,,,,,19.094592446815,371,19.094592446815,26456,,,,,,,,,,,,
,,,,11.419765140511,16,11.419765140511,18456,,,,,11.353948140511,87,11.353948140511,18456,12.017141031542,229,12.017141031542,18456,,,,,12.910409066696,158,12.910409066696,19456,,,,,14.010408201835,158,14.010408201835,21456,,,,,15.199492839352,16,15.199492839352,22456,,,,,17.419764797899,16,17.419764797899,24456,,,,,19.117140877134,229,19.117140877134,26456,,,,,,,,,,,,
,,,,11.434592153372,371,11.434592153372,18456,,,,,11.357287619403,300,11.357287619403,18456,12.019765126617,16,12.019765126617,18456,,,,,13.030136968756,158,13.030136968756,20456,,,,,14.053947674018,87,14.053947674018,21456,,,,,15.310409479419,158,15.310409479419,22456,,,,,17.699244084297,513,17.699244084297,24456,,,,,19.119765125242,16,19.119765125242,26456,,,,,,,,,,,,
,,,,11.634592153372,371,11.634592153372,18456,,,,,11.417141223667,229,11.417141223667,18456,12.034220259981,87,12.034220259981,19456,,,,,13.033948005391,87,13.033948005391,20456,,,,,14.116869061096,229,14.116869061096,21456,,,,,15.316868735016,229,15.316868735016,22456,,,,,17.710409469843,158,17.710409469843,24456,,,,,19.150136666498,158,19.150136666498,26456,,,,,,,,,,,,
,,,,11.710408738281,158,11.710408738281,18456,,,,,11.417629474557,300,11.417629474557,18456,12.076869031542,229,12.076869031542,19456,,,,,13.034863819202,371,13.034863819202,19456,,,,,14.119493141201,16,14.119493141201,21456,,,,,15.319492839352,16,15.319492839352,22456,,,,,17.716868724737,229,17.716868724737,24456,,,,,19.157104594125,300,19.157104594125,26456,,,,,,,,,,,,
,,,,11.716868393521,229,11.716868393521,18456,,,,,11.434592003746,371,11.434592003746,18456,12.079493126617,16,12.079493126617,19456,,,,,13.094591819202,371,13.094591819202,20456,,,,,14.134864663802,371,14.134864663802,21456,,,,,15.370042606122,442,15.370042606122,22456,,,,,17.719492797899,16,17.719492797899,24456,,,,,19.209771504532,442,19.209771504532,26456,,,,,,,,,,,,
,,,,11.719493140511,16,11.719493140511,18456,,,,,11.634592003746,371,11.634592003746,18456,12.134592625823,371,12.134592625823,19456,,,,,13.119765050244,16,13.119765050244,20456,,,,,14.170044254448,442,14.170044254448,21456,,,,,15.376868735016,229,15.376868735016,22456,,,,,17.834863071526,371,17.834863071526,24456,,,,,19.214592446815,371,19.214592446815,26456,,,,,,,,,,,,
,,,,11.834864153372,371,11.834864153372,18456,,,,,11.710409218497,158,11.710409218497,18456,12.157376140067,300,12.157376140067,19456,,,,,13.150136968756,158,13.150136968756,20456,,,,,14.173947674018,87,14.173947674018,21456,,,,,15.379492839352,16,15.379492839352,22456,,,,,17.999516084297,513,17.999516084297,24456,,,,,19.270150046975,158,19.270150046975,26456,,,,,,,,,,,,
,,,,12.010136678972,158,12.010136678972,19456,,,,,11.716869223667,229,11.716869223667,18456,12.196869031542,229,12.196869031542,19456,,,,,13.15710511234,300,13.15710511234,20456,,,,,14.293947674018,87,14.293947674018,21456,,,,,15.610137479419,158,15.610137479419,22456,,,,,18.010137441013,158,18.010137441013,25456,,,,,19.329771504532,442,19.329771504532,26456,,,,,,,,,,,,
,,,,12.017140392237,229,12.017140392237,18456,,,,,11.834864003746,371,11.834864003746,18456,12.199493126617,16,12.199493126617,19456,,,,,13.214591819202,371,13.214591819202,20456,,,,,14.353947674018,87,14.353947674018,21456,,,,,15.669770606122,442,15.669770606122,22456,,,,,18.017140685626,229,18.017140685626,24456,,,,,19.330168046975,158,19.330168046975,26456,,,,,,,,,,,,
,,,,12.019765065965,16,12.019765065965,18456,,,,,12.010137161771,158,12.010137161771,19456,12.316869031542,229,12.316869031542,19456,,,,,13.270136968756,158,13.270136968756,20456,,,,,14.369772254448,442,14.369772254448,21456,,,,,15.734220659322,87,15.734220659322,22456,,,,,18.019764741915,16,18.019764741915,24456,,,,,19.334220278405,87,19.334220278405,26456,,,,,,,,,,,,
,,,,12.076868392237,229,12.076868392237,19456,,,,,12.017141141003,229,12.017141141003,18456,12.319493126617,16,12.319493126617,19456,,,,,13.330136968756,158,13.330136968756,20456,,,,,14.417141061096,229,14.417141061096,21456,,,,,15.857520752287,300,15.857520752287,22456,,,,,18.034220646725,87,18.034220646725,25456,,,,,19.334605001748,371,19.334605001748,26456,,,,,,,,,,,,
,,,,12.079493065965,16,12.079493065965,19456,,,,,12.034220682128,87,12.034220682128,19456,12.376869031542,229,12.376869031542,19456,,,,,13.334220005391,87,13.334220005391,20456,,,,,14.419765141201,16,14.419765141201,21456,,,,,15.910409479419,158,15.910409479419,22456,,,,,18.076868685626,229,18.076868685626,25456,,,,,19.369430652402,584,19.369430652402,26456,,,,,,,,,,,,
,,,,12.134592131663,371,12.134592131663,19456,,,,,12.076869141003,229,12.076869141003,19456,12.379493126617,16,12.379493126617,19456,,,,,13.334721540401,371,13.334721540401,20456,,,,,14.569772254448,442,14.569772254448,21456,,,,,15.970042606122,442,15.970042606122,22456,,,,,18.079492741915,16,18.079492741915,25456,,,,,19.389771504532,442,19.389771504532,26456,,,,,,,,,,,,
,,,,12.157376766928,300,12.157376766928,19456,,,,,12.134591972531,371,12.134591972531,19456,12.434864625823,371,12.434864625823,19456,,,,,13.394591819202,371,13.394591819202,20456,,,,,14.710408201835,158,14.710408201835,21456,,,,,16.030163878708,158,16.030163878708,23456,,,,,18.119243543935,513,18.119243543935,25456,,,,,19.394592446815,371,19.394592446815,26456,,,,,,,,,,,,
,,,,12.196868392237,229,12.196868392237,19456,,,,,12.157377242011,300,12.157377242011,19456,12.734220259981,87,12.734220259981,19456,,,,,13.457507369526,300,13.457507369526,20456,,,,,14.716869061096,229,14.716869061096,21456,,,,,16.033948632509,87,16.033948632509,23456,,,,,18.13459106724,371,18.13459106724,25456,,,,,,,,,,,,,,,,,,,,
,,,,12.199493065965,16,12.199493065965,19456,,,,,12.196869141003,229,12.196869141003,19456,12.734592625823,371,12.734592625823,19456,,,,,13.633948005391,87,13.633948005391,20456,,,,,14.719493141201,16,14.719493141201,21456,,,,,16.08977006795,442,16.08977006795,23456,,,,,18.157377469708,300,18.157377469708,25456,,,,,,,,,,,,,,,,,,,,
,,,,12.310408678972,158,12.310408678972,19456,,,,,12.310409161771,158,12.310409161771,19456,12.857480442847,300,12.857480442847,19456,,,,,13.757274369526,300,13.757274369526,20456,,,,,14.770044254448,442,14.770044254448,21456,,,,,16.11714069613,229,16.11714069613,23456,,,,,18.169429736003,584,18.169429736003,25456,,,,,,,,,,,,,,,,,,,,
,,,,12.316868392237,229,12.316868392237,19456,,,,,12.316869141003,229,12.316869141003,19456,13.033948200164,87,13.033948200164,20456,,,,,13.819765050244,16,13.819765050244,20456,,,,,14.834864663802,371,14.834864663802,21456,,,,,16.119764790231,16,16.119764790231,23456,,,,,18.196868685626,229,18.196868685626,25456,,,,,,,,,,,,,,,,,,,,
,,,,12.319493065965,16,12.319493065965,19456,,,,,12.376869141003,229,12.376869141003,19456,13.034864565017,371,13.034864565017,19456,,,,,13.934220005391,87,13.934220005391,20456,,,,,15.010136192763,158,15.010136192763,22456,,,,,16.150228878708,158,16.150228878708,23456,,,,,18.199492741915,16,18.199492741915,25456,,,,,,,,,,,,,,,,,,,,
,,,,12.376868392237,229,12.376868392237,19456,,,,,12.434863972531,371,12.434863972531,19456,13.094592565017,371,13.094592565017,20456,,,,,14.010408942138,158,14.010408942138,21456,,,,,15.017141005575,229,15.017141005575,21456,,,,,16.157105537697,300,16.157105537697,23456,,,,,18.239243543935,513,18.239243543935,25456,,,,,,,,,,,,,,,,,,,,
,,,,12.379493065965,16,12.379493065965,19456,,,,,12.610137161771,158,12.610137161771,19456,13.117140968756,229,13.117140968756,20456,,,,,14.053947387582,87,14.053947387582,21456,,,,,15.01976507957,16,15.01976507957,21456,,,,,16.199516054994,513,16.199516054994,23456,,,,,18.310409441013,158,18.310409441013,25456,,,,,,,,,,,,,,,,,,,,
,,,,12.434864131663,371,12.434864131663,19456,,,,,12.734220682128,87,12.734220682128,19456,13.119765065735,16,13.119765065735,20456,,,,,14.057559267038,300,14.057559267038,20456,,,,,15.034220235624,87,15.034220235624,22456,,,,,16.20977006795,442,16.20977006795,23456,,,,,18.316868685626,229,18.316868685626,25456,,,,,,,,,,,,,,,,,,,,
,,,,12.610136678972,158,12.610136678972,19456,,,,,12.734591972531,371,12.734591972531,19456,13.157104157112,300,13.157104157112,20456,,,,,14.117266122192,300,14.117266122192,21456,,,,,15.069772207986,442,15.069772207986,22456,,,,,16.270241878708,158,16.270241878708,23456,,,,,18.319492741915,16,18.319492741915,25456,,,,,,,,,,,,,,,,,,,,
,,,,12.734592131663,371,12.734592131663,19456,,,,,12.857481544791,300,12.857481544791,19456,13.214592565017,371,13.214592565017,20456,,,,,14.119492956265,16,14.119492956265,21456,,,,,15.076869005575,229,15.076869005575,22456,,,,,16.32977006795,442,16.32977006795,23456,,,,,18.359243543935,513,18.359243543935,25456,,,,,,,,,,,,,,,,,,,,
,,,,12.857481069708,300,12.857481069708,19456,,,,,12.910409161771,158,12.910409161771,19456,13.334220200164,87,13.334220200164,20456,,,,,14.134863775628,371,14.134863775628,21456,,,,,15.07949307957,16,15.07949307957,22456,,,,,16.33013740538,158,16.33013740538,23456,,,,,18.369157736003,584,18.369157736003,25456,,,,,,,,,,,,,,,,,,,,
,,,,12.910408678972,158,12.910408678972,19456,,,,,13.030137065735,158,13.030137065735,20456,13.334722286216,371,13.334722286216,20456,,,,,14.170043360437,442,14.170043360437,21456,,,,,15.134592601866,371,15.134592601866,22456,,,,,16.334220632509,87,16.334220632509,23456,,,,,18.376868685626,229,18.376868685626,25456,,,,,,,,,,,,,,,,,,,,
,,,,13.030136584001,158,13.030136584001,20456,,,,,13.033948605601,87,13.033948605601,20456,13.394592565017,371,13.394592565017,20456,,,,,14.173947387582,87,14.173947387582,21456,,,,,15.196869005575,229,15.196869005575,22456,,,,,16.38977006795,442,16.38977006795,23456,,,,,18.379492741915,16,18.379492741915,25456,,,,,,,,,,,,,,,,,,,,
,,,,13.034864105036,371,13.034864105036,19456,,,,,13.034863933651,371,13.034863933651,19456,13.457506414298,300,13.457506414298,20456,,,,,14.237105061096,300,14.237105061096,21456,,,,,15.19949307957,16,15.19949307957,22456,,,,,16.399244054994,513,16.399244054994,23456,,,,,18.419243543935,513,18.419243543935,25456,,,,,,,,,,,,,,,,,,,,
,,,,13.094592105036,371,13.094592105036,20456,,,,,13.094591933651,371,13.094591933651,20456,13.633948200164,87,13.633948200164,20456,,,,,14.293947387582,87,14.293947387582,21456,,,,,15.310408192763,158,15.310408192763,22456,,,,,16.457572629809,300,16.457572629809,23456,,,,,18.43486306724,371,18.43486306724,25456,,,,,,,,,,,,,,,,,,,,
,,,,13.117140389228,229,13.117140389228,20456,,,,,13.117141050244,229,13.117141050244,20456,13.757273414298,300,13.757273414298,20456,,,,,14.353947387582,87,14.353947387582,21456,,,,,15.316869005575,229,15.316869005575,22456,,,,,16.599244054994,513,16.599244054994,23456,,,,,18.569157736003,584,18.569157736003,25456,,,,,,,,,,,,,,,,,,,,
,,,,13.119764989438,16,13.119764989438,20456,,,,,13.150137065735,158,13.150137065735,20456,13.817140968756,229,13.817140968756,20456,,,,,14.357313267038,300,14.357313267038,21456,,,,,15.31949307957,16,15.31949307957,22456,,,,,16.633948632509,87,16.633948632509,23456,,,,,18.610137441013,158,18.610137441013,25456,,,,,,,,,,,,,,,,,,,,
,,,,13.150136584001,158,13.150136584001,20456,,,,,13.157105196167,300,13.157105196167,20456,13.819765065735,16,13.819765065735,20456,,,,,14.369771360437,442,14.369771360437,21456,,,,,15.370044207986,442,15.370044207986,22456,,,,,16.757378629809,300,16.757378629809,23456,,,,,18.734220646725,87,18.734220646725,25456,,,,,,,,,,,,,,,,,,,,
,,,,13.157104724053,300,13.157104724053,20456,,,,,13.214591933651,371,13.214591933651,20456,13.934220200164,87,13.934220200164,20456,,,,,14.417499122192,300,14.417499122192,21456,,,,,15.376869005575,229,15.376869005575,22456,,,,,16.799516054994,513,16.799516054994,23456,,,,,18.73469464703,371,18.73469464703,25456,,,,,,,,,,,,,,,,,,,,
,,,,13.214592105036,371,13.214592105036,20456,,,,,13.270137065735,158,13.270137065735,20456,14.053947523139,87,14.053947523139,21456,,,,,14.419764956265,16,14.419764956265,21456,,,,,15.37949307957,16,15.37949307957,22456,,,,,16.81714069613,229,16.81714069613,23456,,,,,18.769429736003,584,18.769429736003,25456,,,,,,,,,,,,,,,,,,,,
,,,,13.270136584001,158,13.270136584001,20456,,,,,13.330137065735,158,13.330137065735,20456,14.057558372623,300,14.057558372623,20456,,,,,14.569771360437,442,14.569771360437,21456,,,,,15.434864601866,371,15.434864601866,22456,,,,,16.819764790231,16,16.819764790231,23456,,,,,18.857650445809,300,18.857650445809,25456,,,,,,,,,,,,,,,,,,,,
,,,,13.330136584001,158,13.330136584001,20456,,,,,13.334220605601,87,13.334220605601,20456,14.116868906984,229,14.116868906984,21456,,,,,14.710408942138,158,14.710408942138,21456,,,,,15.610136192763,158,15.610136192763,22456,,,,,16.934220632509,87,16.934220632509,23456,,,,,18.910409441013,158,18.910409441013,25456,,,,,,,,,,,,,,,,,,,,
,,,,13.334721826235,371,13.334721826235,20456,,,,,13.33472165485,371,13.33472165485,20456,14.117265227777,300,14.117265227777,21456,,,,,14.719492956265,16,14.719492956265,21456,,,,,15.669772207986,442,15.669772207986,22456,,,,,17.010409398317,158,17.010409398317,24456,,,,,19.030137380477,158,19.030137380477,26456,,,,,,,,,,,,,,,,,,,,
,,,,13.394592105036,371,13.394592105036,20456,,,,,13.394591933651,371,13.394591933651,20456,14.119493001505,16,14.119493001505,21456,,,,,14.770043360437,442,14.770043360437,21456,,,,,15.734220235624,87,15.734220235624,22456,,,,,17.053947989118,87,17.053947989118,24456,,,,,19.033948618101,87,19.033948618101,26456,,,,,,,,,,,,,,,,,,,,
,,,,13.457506981239,300,13.457506981239,20456,,,,,13.457507453353,300,13.457507453353,20456,14.13486449713,371,14.13486449713,21456,,,,,14.834863775628,371,14.834863775628,21456,,,,,15.734618261188,371,15.734618261188,22456,,,,,17.057559502206,300,17.057559502206,23456,,,,,19.034863063295,371,19.034863063295,25456,,,,,,,,,,,,,,,,,,,,
,,,,13.757273981239,300,13.757273981239,20456,,,,,13.633948605601,87,13.633948605601,20456,14.170044087776,442,14.170044087776,21456,,,,,15.010136893152,158,15.010136893152,22456,,,,,15.910408192763,158,15.910408192763,22456,,,,,17.070042616153,442,17.070042616153,24456,,,,,19.06915772741,584,19.06915772741,26456,,,,,,,,,,,,,,,,,,,,
,,,,13.817140389228,229,13.817140389228,20456,,,,,13.757274453353,300,13.757274453353,20456,14.173947523139,87,14.173947523139,21456,,,,,15.019764857884,16,15.019764857884,21456,,,,,15.970044207986,442,15.970044207986,22456,,,,,17.099244020117,513,17.099244020117,24456,,,,,19.094591063295,371,19.094591063295,26456,,,,,,,,,,,,,,,,,,,,
,,,,13.819764989438,16,13.819764989438,20456,,,,,13.817141050244,229,13.817141050244,20456,14.237104166681,300,14.237104166681,21456,,,,,15.034220002429,87,15.034220002429,22456,,,,,16.030162605647,158,16.030162605647,23456,,,,,17.116868657741,229,17.116868657741,24456,,,,,19.099516005143,513,19.099516005143,26456,,,,,,,,,,,,,,,,,,,,
,,,,14.010408558293,158,14.010408558293,21456,,,,,13.934220605601,87,13.934220605601,20456,14.293947523139,87,14.293947523139,21456,,,,,15.069771334669,442,15.069771334669,22456,,,,,16.033948179259,87,16.033948179259,23456,,,,,17.11724035736,300,17.11724035736,24456,,,,,19.117140647975,229,19.117140647975,26456,,,,,,,,,,,,,,,,,,,,
,,,,14.05755887996,300,14.05755887996,20456,,,,,14.010409036659,158,14.010409036659,21456,14.353947523139,87,14.353947523139,21456,,,,,15.079492857884,16,15.079492857884,22456,,,,,16.034864537697,371,16.034864537697,22456,,,,,17.119492736654,16,17.119492736654,24456,,,,,19.119764687544,16,19.119764687544,26456,,,,,,,,,,,,,,,,,,,,
,,,,14.116868387582,229,14.116868387582,21456,,,,,14.053947907375,87,14.053947907375,21456,14.357312372623,300,14.357312372623,21456,,,,,15.134591735016,371,15.134591735016,22456,,,,,16.089771605645,442,16.089771605645,23456,,,,,17.173947989118,87,17.173947989118,24456,,,,,19.150137380477,158,19.150137380477,26456,,,,,,,,,,,,,,,,,,,,
,,,,14.117265735114,300,14.117265735114,21456,,,,,14.057559347143,300,14.057559347143,20456,14.369772087776,442,14.369772087776,21456,,,,,15.157377005575,300,15.157377005575,22456,,,,,16.094592537697,371,16.094592537697,23456,,,,,17.237105469365,300,17.237105469365,24456,,,,,19.157105397389,300,19.157105397389,26456,,,,,,,,,,,,,,,,,,,,
,,,,14.119492907375,16,14.119492907375,21456,,,,,14.116868956265,229,14.116868956265,21456,14.417140906984,229,14.417140906984,21456,,,,,15.199492857884,16,15.199492857884,22456,,,,,16.117140947266,229,16.117140947266,23456,,,,,17.293947989118,87,17.293947989118,24456,,,,,19.214591063295,371,19.214591063295,26456,,,,,,,,,,,,,,,,,,,,
,,,,14.134864072634,371,14.134864072634,21456,,,,,14.117266202297,300,14.117266202297,21456,14.417498227777,300,14.417498227777,21456,,,,,15.310408893152,158,15.310408893152,22456,,,,,16.119765012716,16,16.119765012716,23456,,,,,17.353947989118,87,17.353947989118,24456,,,,,19.270150760954,158,19.270150760954,26456,,,,,,,,,,,,,,,,,,,,
,,,,14.170043661913,442,14.170043661913,21456,,,,,14.134863886867,371,14.134863886867,21456,14.419765001505,16,14.419765001505,21456,,,,,15.319492857884,16,15.319492857884,22456,,,,,16.150227605647,158,16.150227605647,23456,,,,,17.357235502206,300,17.357235502206,24456,,,,,19.330168760954,158,19.330168760954,26456,,,,,,,,,,,,,,,,,,,,
,,,,14.237104674018,300,14.237104674018,21456,,,,,14.170043467288,442,14.170043467288,21456,14.569772087776,442,14.569772087776,21456,,,,,15.370043334669,442,15.370043334669,22456,,,,,16.199515228746,513,16.199515228746,23456,,,,,17.399516020117,513,17.399516020117,24456,,,,,19.334220618101,87,19.334220618101,26456,,,,,,,,,,,,,,,,,,,,
,,,,14.35731287996,300,14.35731287996,21456,,,,,14.173947907375,87,14.173947907375,21456,14.716868906984,229,14.716868906984,21456,,,,,15.379492857884,16,15.379492857884,22456,,,,,16.209771605645,442,16.209771605645,23456,,,,,17.417140657741,229,17.417140657741,24456,,,,,19.334603618228,371,19.334603618228,26456,,,,,,,,,,,,,,,,,,,,
,,,,14.369771661913,442,14.369771661913,21456,,,,,14.237105141201,300,14.237105141201,21456,14.719493001505,16,14.719493001505,21456,,,,,15.434863735016,371,15.434863735016,22456,,,,,16.214592537697,371,16.214592537697,23456,,,,,17.41756435736,300,17.41756435736,24456,,,,,19.36942972741,584,19.36942972741,26456,,,,,,,,,,,,,,,,,,,,
,,,,14.417140387582,229,14.417140387582,21456,,,,,14.293947907375,87,14.293947907375,21456,14.770044087776,442,14.770044087776,21456,,,,,15.610136893152,158,15.610136893152,22456,,,,,16.270240605647,158,16.270240605647,23456,,,,,17.419764736654,16,17.419764736654,24456,,,,,19.394591063295,371,19.394591063295,26456,,,,,,,,,,,,,,,,,,,,
,,,,14.417498735114,300,14.417498735114,21456,,,,,14.353947907375,87,14.353947907375,21456,14.83486449713,371,14.83486449713,21456,,,,,15.669771334669,442,15.669771334669,22456,,,,,16.329771605645,442,16.329771605645,23456,,,,,17.699244020117,513,17.699244020117,24456,,,,,,,,,,,,,,,,,,,,,,,,,,,,
,,,,14.419764907375,16,14.419764907375,21456,,,,,14.357313347143,300,14.357313347143,21456,15.017140857998,229,15.017140857998,21456,,,,,15.734220002429,87,15.734220002429,22456,,,,,16.330136132319,158,16.330136132319,23456,,,,,17.710409398317,158,17.710409398317,24456,,,,,,,,,,,,,,,,,,,,,,,,,,,,
,,,,14.569771661913,442,14.569771661913,21456,,,,,14.369771467288,442,14.369771467288,21456,15.019764945607,16,15.019764945607,21456,,,,,15.734617394338,371,15.734617394338,22456,,,,,16.334220179259,87,16.334220179259,23456,,,,,17.716868657741,229,17.716868657741,24456,,,,,,,,,,,,,,,,,,,,,,,,,,,,
,,,,14.710408558293,158,14.710408558293,21456,,,,,14.417140956265,229,14.417140956265,21456,15.034220090229,87,15.034220090229,22456,,,,,15.857520155996,300,15.857520155996,22456,,,,,16.334670170206,371,16.334670170206,23456,,,,,17.719492736654,16,17.719492736654,24456,,,,,,,,,,,,,,,,,,,,,,,,,,,,
,,,,14.716868387582,229,14.716868387582,21456,,,,,14.417499202297,300,14.417499202297,21456,15.069772050385,442,15.069772050385,22456,,,,,15.910408893152,158,15.910408893152,22456,,,,,16.389771605645,442,16.389771605645,23456,,,,,17.770042616153,442,17.770042616153,24456,,,,,,,,,,,,,,,,,,,,,,,,,,,,
,,,,14.719492907375,16,14.719492907375,21456,,,,,14.569771467288,442,14.569771467288,21456,15.076868857998,229,15.076868857998,22456,,,,,15.970043334669,442,15.970043334669,22456,,,,,16.394592537697,371,16.394592537697,23456,,,,,17.999516020117,513,17.999516020117,24456,,,,,,,,,,,,,,,,,,,,,,,,,,,,
,,,,14.770043661913,442,14.770043661913,21456,,,,,14.710409036659,158,14.710409036659,21456,15.079492945607,16,15.079492945607,22456,,,,,16.030163295144,158,16.030163295144,23456,,,,,16.399243228746,513,16.399243228746,23456,,,,,18.010137373786,158,18.010137373786,25456,,,,,,,,,,,,,,,,,,,,,,,,,,,,
,,,,14.834864072634,371,14.834864072634,21456,,,,,14.716868956265,229,14.716868956265,21456,15.134592444265,371,15.134592444265,22456,,,,,16.033948000347,87,16.033948000347,23456,,,,,16.599243228746,513,16.599243228746,23456,,,,,18.01714062136,229,18.01714062136,24456,,,,,,,,,,,,,,,,,,,,,,,,,,,,
,,,,15.01013650922,158,15.01013650922,22456,,,,,14.770043467288,442,14.770043467288,21456,15.157376157609,300,15.157376157609,22456,,,,,16.03486369613,371,16.03486369613,22456,,,,,16.633948179259,87,16.633948179259,23456,,,,,18.019764682006,16,18.019764682006,24456,,,,,,,,,,,,,,,,,,,,,,,,,,,,
,,,,15.017140386266,229,15.017140386266,21456,,,,,14.834863886867,371,14.834863886867,21456,15.196868857998,229,15.196868857998,22456,,,,,16.089770758402,442,16.089770758402,23456,,,,,16.799515228746,513,16.799515228746,23456,,,,,18.03422057979,87,18.03422057979,25456,,,,,,,,,,,,,,,,,,,,,,,,,,,,
,,,,15.01976482192,16,15.01976482192,21456,,,,,15.010136980761,158,15.010136980761,22456,15.199492945607,16,15.199492945607,22456,,,,,16.09459169613,371,16.09459169613,23456,,,,,16.817140947266,229,16.817140947266,23456,,,,,18.069770611867,442,18.069770611867,25456,,,,,,,,,,,,,,,,,,,,,,,,,,,,
,,,,15.06977164795,442,15.06977164795,22456,,,,,15.017140857884,229,15.017140857884,21456,15.316868857998,229,15.316868857998,22456,,,,,16.11976475176,16,16.11976475176,23456,,,,,16.819765012716,16,16.819765012716,23456,,,,,18.07686862136,229,18.07686862136,25456,,,,,,,,,,,,,,,,,,,,,,,,,,,,
,,,,15.076868386266,229,15.076868386266,22456,,,,,15.034220438083,87,15.034220438083,22456,15.319492945607,16,15.319492945607,22456,,,,,16.150228295144,158,16.150228295144,23456,,,,,16.934220179259,87,16.934220179259,23456,,,,,18.079492682006,16,18.079492682006,25456,,,,,,,,,,,,,,,,,,,,,,,,,,,,
,,,,15.07949282192,16,15.07949282192,22456,,,,,15.069771433194,442,15.069771433194,22456,15.370044050385,442,15.370044050385,22456,,,,,16.157104947266,300,16.157104947266,23456,,,,,17.010408142078,158,17.010408142078,24456,,,,,18.119243483087,513,18.119243483087,25456,,,,,,,,,,,,,,,,,,,,,,,,,,,,
,,,,15.134592043159,371,15.134592043159,22456,,,,,15.076868857884,229,15.076868857884,22456,15.376868857998,229,15.376868857998,22456,,,,,16.199515360558,513,16.199515360558,23456,,,,,17.053947505531,87,17.053947505531,24456,,,,,18.15737740247,300,18.15737740247,25456,,,,,,,,,,,,,,,,,,,,,,,,,,,,
,,,,15.157376619461,300,15.157376619461,22456,,,,,15.134591839352,371,15.134591839352,22456,15.379492945607,16,15.379492945607,22456,,,,,16.209770758402,442,16.209770758402,23456,,,,,17.070044085516,442,17.070044085516,24456,,,,,18.169429708288,584,18.169429708288,25456,,,,,,,,,,,,,,,,,,,,,,,,,,,,
,,,,15.196868386266,229,15.196868386266,22456,,,,,15.15737707957,300,15.15737707957,22456,15.434864444265,371,15.434864444265,22456,,,,,16.21459169613,371,16.21459169613,23456,,,,,17.099243183253,513,17.099243183253,24456,,,,,18.19686862136,229,18.19686862136,25456,,,,,,,,,,,,,,,,,,,,,,,,,,,,
,,,,15.19949282192,16,15.19949282192,22456,,,,,15.196868857884,229,15.196868857884,22456,15.669772050385,442,15.669772050385,22456,,,,,16.270241295144,158,16.270241295144,23456,,,,,17.116868887995,229,17.116868887995,24456,,,,,18.199492682006,16,18.199492682006,25456,,,,,,,,,,,,,,,,,,,,,,,,,,,,
,,,,15.31040850922,158,15.31040850922,22456,,,,,15.310408980761,158,15.310408980761,22456,15.734220090229,87,15.734220090229,22456,,,,,16.329770758402,442,16.329770758402,23456,,,,,17.119492940874,16,17.119492940874,24456,,,,,18.239243483087,513,18.239243483087,25456,,,,,,,,,,,,,,,,,,,,,,,,,,,,
,,,,15.316868386266,229,15.316868386266,22456,,,,,15.316868857884,229,15.316868857884,22456,15.734618103587,371,15.734618103587,22456,,,,,16.330136821816,158,16.330136821816,23456,,,,,17.134864469365,371,17.134864469365,24456,,,,,18.310409373786,158,18.310409373786,25456,,,,,,,,,,,,,,,,,,,,,,,,,,,,
,,,,15.31949282192,16,15.31949282192,22456,,,,,15.370043433194,442,15.370043433194,22456,15.85751930803,300,15.85751930803,22456,,,,,16.334220000347,87,16.334220000347,23456,,,,,17.173947505531,87,17.173947505531,24456,,,,,18.31686862136,229,18.31686862136,25456,,,,,,,,,,,,,,,,,,,,,,,,,,,,
,,,,15.37004364795,442,15.37004364795,22456,,,,,15.376868857884,229,15.376868857884,22456,15.970044050385,442,15.970044050385,22456,,,,,16.334669328639,371,16.334669328639,23456,,,,,17.293947505531,87,17.293947505531,24456,,,,,18.319492682006,16,18.319492682006,25456,,,,,,,,,,,,,,,,,,,,,,,,,,,,
,,,,15.376868386266,229,15.376868386266,22456,,,,,15.434863839352,371,15.434863839352,22456,16.033948054847,87,16.033948054847,23456,,,,,16.389770758402,442,16.389770758402,23456,,,,,17.353947505531,87,17.353947505531,24456,,,,,18.359243483087,513,18.359243483087,25456,,,,,,,,,,,,,,,,,,,,,,,,,,,,
,,,,15.37949282192,16,15.37949282192,22456,,,,,15.610136980761,158,15.610136980761,22456,16.03486440538,371,16.03486440538,22456,,,,,16.39459169613,371,16.39459169613,23456,,,,,17.399515183253,513,17.399515183253,24456,,,,,18.369157708288,584,18.369157708288,25456,,,,,,,,,,,,,,,,,,,,,,,,,,,,
,,,,15.434864043159,371,15.434864043159,22456,,,,,15.669771433194,442,15.669771433194,22456,16.089771473328,442,16.089771473328,23456,,,,,16.399243360558,513,16.399243360558,23456,,,,,17.417140887995,229,17.417140887995,24456,,,,,18.370042611867,442,18.370042611867,25456,,,,,,,,,,,,,,,,,,,,,,,,,,,,
,,,,15.61013650922,158,15.61013650922,22456,,,,,15.734220438083,87,15.734220438083,22456,16.09459240538,371,16.09459240538,23456,,,,,16.457572039378,300,16.457572039378,23456,,,,,17.419764940874,16,17.419764940874,24456,,,,,18.37686862136,229,18.37686862136,25456,,,,,,,,,,,,,,,,,,,,,,,,,,,,
,,,,15.66977164795,442,15.66977164795,22456,,,,,15.734617498674,371,15.734617498674,22456,16.117140821816,229,16.117140821816,23456,,,,,16.599243360558,513,16.599243360558,23456,,,,,17.699243183253,513,17.699243183253,24456,,,,,18.379492682006,16,18.379492682006,25456,,,,,,,,,,,,,,,,,,,,,,,,,,,,
,,,,15.734617702481,371,15.734617702481,22456,,,,,15.857520229991,300,15.857520229991,22456,16.119764897706,16,16.119764897706,23456,,,,,16.633948000347,87,16.633948000347,23456,,,,,17.710408142078,158,17.710408142078,24456,,,,,18.419243483087,513,18.419243483087,25456,,,,,,,,,,,,,,,,,,,,,,,,,,,,
,,,,15.857519769882,300,15.857519769882,22456,,,,,15.910408980761,158,15.910408980761,22456,16.157104132319,300,16.157104132319,23456,,,,,16.757378039378,300,16.757378039378,23456,,,,,17.716868887995,229,17.716868887995,24456,,,,,18.569157708288,584,18.569157708288,25456,,,,,,,,,,,,,,,,,,,,,,,,,,,,
,,,,15.91040850922,158,15.91040850922,22456,,,,,15.970043433194,442,15.970043433194,22456,16.199515211494,513,16.199515211494,23456,,,,,16.799515360558,513,16.799515360558,23456,,,,,17.719492940874,16,17.719492940874,24456,,,,,18.610137373786,158,18.610137373786,25456,,,,,,,,,,,,,,,,,,,,,,,,,,,,
,,,,15.97004364795,442,15.97004364795,22456,,,,,16.030163371034,158,16.030163371034,23456,16.209771473328,442,16.209771473328,23456,,,,,16.81976475176,16,16.81976475176,23456,,,,,17.770044085516,442,17.770044085516,24456,,,,,18.669770611867,442,18.669770611867,25456,,,,,,,,,,,,,,,,,,,,,,,,,,,,
,,,,16.030162912012,158,16.030162912012,23456,,,,,16.033948350361,87,16.033948350361,23456,16.21459240538,371,16.21459240538,23456,,,,,16.934220000347,87,16.934220000347,23456,,,,,17.834864469365,371,17.834864469365,24456,,,,,18.73422057979,87,18.73422057979,25456,,,,,,,,,,,,,,,,,,,,,,,,,,,,
,,,,16.034864016346,371,16.034864016346,22456,,,,,16.034863790231,371,16.034863790231,22456,16.329771473328,442,16.329771473328,23456,,,,,17.010408824946,158,17.010408824946,24456,,,,,17.999515183253,513,17.999515183253,24456,,,,,18.769429708288,584,18.769429708288,25456,,,,,,,,,,,,,,,,,,,,,,,,,,,,
,,,,16.089771083291,442,16.089771083291,23456,,,,,16.08977084635,442,16.08977084635,23456,16.334220054847,87,16.334220054847,23456,,,,,17.053947382542,87,17.053947382542,24456,,,,,18.010136110117,158,18.010136110117,25456,,,,,18.857650378571,300,18.857650378571,25456,,,,,,,,,,,,,,,,,,,,,,,,,,,,
,,,,16.094592016346,371,16.094592016346,23456,,,,,16.094591790231,371,16.094591790231,23456,16.334670037889,371,16.334670037889,23456,,,,,17.057558920836,300,17.057558920836,23456,,,,,18.017140831255,229,18.017140831255,24456,,,,,18.910409373786,158,18.910409373786,25456,,,,,,,,,,,,,,,,,,,,,,,,,,,,
,,,,16.117140384184,229,16.117140384184,23456,,,,,16.11714075176,229,16.11714075176,23456,16.389771473328,442,16.389771473328,23456,,,,,17.070043269364,442,17.070043269364,24456,,,,,18.019764868728,16,18.019764868728,24456,,,,,18.970042611867,442,18.970042611867,25456,,,,,,,,,,,,,,,,,,,,,,,,,,,,
,,,,16.119764734198,16,16.119764734198,23456,,,,,16.150228371034,158,16.150228371034,23456,16.39459240538,371,16.39459240538,23456,,,,,17.099243367172,513,17.099243367172,24456,,,,,18.034220067365,87,18.034220067365,25456,,,,,19.030137317247,158,19.030137317247,26456,,,,,,,,,,,,,,,,,,,,,,,,,,,,
,,,,16.150227912012,158,16.150227912012,23456,,,,,16.157105012716,300,16.157105012716,23456,16.399243211494,513,16.399243211494,23456,,,,,17.11723977599,300,17.11723977599,24456,,,,,18.069772014335,442,18.069772014335,25456,,,,,19.033948554933,87,19.033948554933,26456,,,,,,,,,,,,,,,,,,,,,,,,,,,,
,,,,16.157104563096,300,16.157104563096,23456,,,,,16.199515892882,513,16.199515892882,23456,16.457571224431,300,16.457571224431,23456,,,,,17.119492637737,16,17.119492637737,24456,,,,,18.076868831255,229,18.076868831255,25456,,,,,19.069157702628,584,19.069157702628,26456,,,,,,,,,,,,,,,,,,,,,,,,,,,,
,,,,16.199515160325,513,16.199515160325,23456,,,,,16.20977084635,442,16.20977084635,23456,16.599243211494,513,16.599243211494,23456,,,,,17.134863657741,371,17.134863657741,24456,,,,,18.079492868728,16,18.079492868728,25456,,,,,19.089770063295,442,19.089770063295,26456,,,,,,,,,,,,,,,,,,,,,,,,,,,,
,,,,16.209771083291,442,16.209771083291,23456,,,,,16.214591790231,371,16.214591790231,23456,16.633948054847,87,16.633948054847,23456,,,,,17.173947382542,87,17.173947382542,24456,,,,,18.119242635737,513,18.119242635737,25456,,,,,19.099515947426,513,19.099515947426,26456,,,,,,,,,,,,,,,,,,,,,,,,,,,,
,,,,16.214592016346,371,16.214592016346,23456,,,,,16.270241371034,158,16.270241371034,23456,16.757377224431,300,16.757377224431,23456,,,,,17.237104887995,300,17.237104887995,24456,,,,,18.13459240247,371,18.13459240247,25456,,,,,19.117140586409,229,19.117140586409,26456,,,,,,,,,,,,,,,,,,,,,,,,,,,,
,,,,16.270240912012,158,16.270240912012,23456,,,,,16.32977084635,442,16.32977084635,23456,16.799515211494,513,16.799515211494,23456,,,,,17.293947382542,87,17.293947382542,24456,,,,,18.169430320364,584,18.169430320364,25456,,,,,19.119764628855,16,19.119764628855,26456,,,,,,,,,,,,,,,,,,,,,,,,,,,,
,,,,16.329771083291,442,16.329771083291,23456,,,,,16.330136897706,158,16.330136897706,23456,16.817140821816,229,16.817140821816,23456,,,,,17.353947382542,87,17.353947382542,24456,,,,,18.196868831255,229,18.196868831255,25456,,,,,19.150137317247,158,19.150137317247,26456,,,,,,,,,,,,,,,,,,,,,,,,,,,,
,,,,16.330136438684,158,16.330136438684,23456,,,,,16.334220350361,87,16.334220350361,23456,16.819764897706,16,16.819764897706,23456,,,,,17.357234920836,300,17.357234920836,24456,,,,,18.199492868728,16,18.199492868728,25456,,,,,19.157105334097,300,19.157105334097,26456,,,,,,,,,,,,,,,,,,,,,,,,,,,,
,,,,16.334669648855,371,16.334669648855,23456,,,,,16.33466942274,371,16.33466942274,23456,16.934220054847,87,16.934220054847,23456,,,,,17.399515367172,513,17.399515367172,24456,,,,,18.239242635737,513,18.239242635737,25456,,,,,19.209770063295,442,19.209770063295,26456,,,,,,,,,,,,,,,,,,,,,,,,,,,,
,,,,16.389771083291,442,16.389771083291,23456,,,,,16.38977084635,442,16.38977084635,23456,17.053947407709,87,17.053947407709,24456,,,,,17.41756377599,300,17.41756377599,24456,,,,,18.310408110117,158,18.310408110117,25456,,,,,19.270150697724,158,19.270150697724,26456,,,,,,,,,,,,,,,,,,,,,,,,,,,,
,,,,16.394592016346,371,16.394592016346,23456,,,,,16.394591790231,371,16.394591790231,23456,17.057558139765,300,17.057558139765,23456,,,,,17.419764637737,16,17.419764637737,24456,,,,,18.316868831255,229,18.316868831255,25456,,,,,19.329770063295,442,19.329770063295,26456,,,,,,,,,,,,,,,,,,,,,,,,,,,,
,,,,16.399243160325,513,16.399243160325,23456,,,,,16.399243892882,513,16.399243892882,23456,17.070043979316,442,17.070043979316,24456,,,,,17.699243367172,513,17.699243367172,24456,,,,,18.319492868728,16,18.319492868728,25456,,,,,19.330168697724,158,19.330168697724,26456,,,,,,,,,,,,,,,,,,,,,,,,,,,,
,,,,16.457571655208,300,16.457571655208,23456,,,,,16.457572104828,300,16.457572104828,23456,17.09924318668,513,17.09924318668,24456,,,,,17.710408824946,158,17.710408824946,24456,,,,,18.359242635737,513,18.359242635737,25456,,,,,19.334220554933,87,19.334220554933,26456,,,,,,,,,,,,,,,,,,,,,,,,,,,,
,,,,16.599243160325,513,16.599243160325,23456,,,,,16.599243892882,513,16.599243892882,23456,17.116868789792,229,17.116868789792,24456,,,,,17.719492637737,16,17.719492637737,24456,,,,,18.369158320364,584,18.369158320364,25456,,,,,19.369429702628,584,19.369429702628,26456,,,,,,,,,,,,,,,,,,,,,,,,,,,,
,,,,16.757377655208,300,16.757377655208,23456,,,,,16.633948350361,87,16.633948350361,23456,17.117238994919,300,17.117238994919,24456,,,,,17.770043269364,442,17.770043269364,24456,,,,,18.370044014335,442,18.370044014335,25456,,,,,19.389770063295,442,19.389770063295,26456,,,,,,,,,,,,,,,,,,,,,,,,,,,,
,,,,16.799515160325,513,16.799515160325,23456,,,,,16.757378104828,300,16.757378104828,23456,17.119492840355,16,17.119492840355,24456,,,,,17.834863657741,371,17.834863657741,24456,,,,,18.376868831255,229,18.376868831255,25456,,,,,,,,,,,,,,,,,,,,,,,,,,,,,,,,,,,,
,,,,16.817140384184,229,16.817140384184,23456,,,,,16.799515892882,513,16.799515892882,23456,17.134864363163,371,17.134864363163,24456,,,,,17.999515367172,513,17.999515367172,24456,,,,,18.379492868728,16,18.379492868728,25456,,,,,,,,,,,,,,,,,,,,,,,,,,,,,,,,,,,,
,,,,16.819764734198,16,16.819764734198,23456,,,,,16.81714075176,229,16.81714075176,23456,17.173947407709,87,17.173947407709,24456,,,,,18.010136814041,158,18.010136814041,25456,,,,,18.419242635737,513,18.419242635737,25456,,,,,,,,,,,,,,,,,,,,,,,,,,,,,,,,,,,,
,,,,17.010408442863,158,17.010408442863,24456,,,,,16.934220350361,87,16.934220350361,23456,17.237104106924,300,17.237104106924,24456,,,,,18.019764514995,16,18.019764514995,24456,,,,,18.43486440247,371,18.43486440247,25456,,,,,,,,,,,,,,,,,,,,,,,,,,,,,,,,,,,,
,,,,17.057558538372,300,17.057558538372,23456,,,,,17.010408875509,158,17.010408875509,24456,17.293947407709,87,17.293947407709,24456,,,,,18.034219996762,87,18.034219996762,25456,,,,,18.569158320364,584,18.569158320364,25456,,,,,,,,,,,,,,,,,,,,,,,,,,,,,,,,,,,,
,,,,17.070043604628,442,17.070043604628,24456,,,,,17.053947642134,87,17.053947642134,24456,17.353947407709,87,17.353947407709,24456,,,,,18.069771230253,442,18.069771230253,25456,,,,,18.610136110117,158,18.610136110117,25456,,,,,,,,,,,,,,,,,,,,,,,,,,,,,,,,,,,,
,,,,17.099243165554,513,17.099243165554,24456,,,,,17.057558973715,300,17.057558973715,23456,17.357234139765,300,17.357234139765,24456,,,,,18.079492514995,16,18.079492514995,25456,,,,,18.669772014335,442,18.669772014335,25456,,,,,,,,,,,,,,,,,,,,,,,,,,,,,,,,,,,,
,,,,17.116868382542,229,17.116868382542,24456,,,,,17.070043342526,442,17.070043342526,24456,17.39951518668,513,17.39951518668,24456,,,,,18.119242871405,513,18.119242871405,25456,,,,,18.734220067365,87,18.734220067365,25456,,,,,,,,,,,,,,,,,,,,,,,,,,,,,,,,,,,,
,,,,17.117239393526,300,17.117239393526,24456,,,,,17.09924380767,513,17.09924380767,24456,17.417140789792,229,17.417140789792,24456,,,,,18.13459162136,371,18.13459162136,25456,,,,,18.73469598226,371,18.73469598226,25456,,,,,,,,,,,,,,,,,,,,,,,,,,,,,,,,,,,,
,,,,17.119492642134,16,17.119492642134,24456,,,,,17.116868637737,229,17.116868637737,24456,17.417562994919,300,17.417562994919,24456,,,,,18.157376831255,300,18.157376831255,25456,,,,,18.769430320364,584,18.769430320364,25456,,,,,,,,,,,,,,,,,,,,,,,,,,,,,,,,,,,,
,,,,17.134863989118,371,17.134863989118,24456,,,,,17.117239828869,300,17.117239828869,24456,17.419764840355,16,17.419764840355,24456,,,,,18.169429909973,584,18.169429909973,25456,,,,,18.910408110117,158,18.910408110117,25456,,,,,,,,,,,,,,,,,,,,,,,,,,,,,,,,,,,,
,,,,17.237104505531,300,17.237104505531,24456,,,,,17.134863736654,371,17.134863736654,24456,17.69924318668,513,17.69924318668,24456,,,,,18.199492514995,16,18.199492514995,25456,,,,,18.970044014335,442,18.970044014335,25456,,,,,,,,,,,,,,,,,,,,,,,,,,,,,,,,,,,,
,,,,17.357234538372,300,17.357234538372,24456,,,,,17.173947642134,87,17.173947642134,24456,17.716868789792,229,17.716868789792,24456,,,,,18.239242871405,513,18.239242871405,25456,,,,,19.030136074955,158,19.030136074955,26456,,,,,,,,,,,,,,,,,,,,,,,,,,,,,,,,,,,,
,,,,17.399515165554,513,17.399515165554,24456,,,,,17.237104940874,300,17.237104940874,24456,17.719492840355,16,17.719492840355,24456,,,,,18.310408814041,158,18.310408814041,25456,,,,,19.033948016508,87,19.033948016508,26456,,,,,,,,,,,,,,,,,,,,,,,,,,,,,,,,,,,,
,,,,17.417140382542,229,17.417140382542,24456,,,,,17.293947642134,87,17.293947642134,24456,17.770043979316,442,17.770043979316,24456,,,,,18.319492514995,16,18.319492514995,25456,,,,,19.034864334097,371,19.034864334097,25456,,,,,,,,,,,,,,,,,,,,,,,,,,,,,,,,,,,,
,,,,17.417563393526,300,17.417563393526,24456,,,,,17.353947642134,87,17.353947642134,24456,17.834864363163,371,17.834864363163,24456,,,,,18.359242871405,513,18.359242871405,25456,,,,,19.06915827532,584,19.06915827532,26456,,,,,,,,,,,,,,,,,,,,,,,,,,,,,,,,,,,,
,,,,17.419764642134,16,17.419764642134,24456,,,,,17.357234973715,300,17.357234973715,24456,17.99951518668,513,17.99951518668,24456,,,,,18.369157909973,584,18.369157909973,25456,,,,,19.089771397389,442,19.089771397389,26456,,,,,,,,,,,,,,,,,,,,,,,,,,,,,,,,,,,,
,,,,17.699243165554,513,17.699243165554,24456,,,,,17.39951580767,513,17.39951580767,24456,18.017140778887,229,18.017140778887,24456,,,,,18.370043230253,442,18.370043230253,25456,,,,,19.094592334097,371,19.094592334097,26456,,,,,,,,,,,,,,,,,,,,,,,,,,,,,,,,,,,,
,,,,17.710408442863,158,17.710408442863,24456,,,,,17.417140637737,229,17.417140637737,24456,18.019764794692,16,18.019764794692,24456,,,,,18.379492514995,16,18.379492514995,25456,,,,,19.099515094736,513,19.099515094736,26456,,,,,,,,,,,,,,,,,,,,,,,,,,,,,,,,,,,,
,,,,17.716868382542,229,17.716868382542,24456,,,,,17.417563828869,300,17.417563828869,24456,18.034220014726,87,18.034220014726,25456,,,,,18.419242871405,513,18.419242871405,25456,,,,,19.117140776542,229,19.117140776542,26456,,,,,,,,,,,,,,,,,,,,,,,,,,,,,,,,,,,,
,,,,17.719492642134,16,17.719492642134,24456,,,,,17.69924380767,513,17.69924380767,24456,18.069771950486,442,18.069771950486,25456,,,,,18.43486362136,371,18.43486362136,25456,,,,,19.119764798211,16,19.119764798211,26456,,,,,,,,,,,,,,,,,,,,,,,,,,,,,,,,,,,,
,,,,17.770043604628,442,17.770043604628,24456,,,,,17.710408875509,158,17.710408875509,24456,18.076868778887,229,18.076868778887,25456,,,,,18.569157909973,584,18.569157909973,25456,,,,,19.150136074955,158,19.150136074955,26456,,,,,,,,,,,,,,,,,,,,,,,,,,,,,,,,,,,,
,,,,17.834863989118,371,17.834863989118,24456,,,,,17.716868637737,229,17.716868637737,24456,18.079492794692,16,18.079492794692,25456,,,,,18.610136814041,158,18.610136814041,25456,,,,,19.209771397389,442,19.209771397389,26456,,,,,,,,,,,,,,,,,,,,,,,,,,,,,,,,,,,,
,,,,17.999515165554,513,17.999515165554,24456,,,,,17.770043342526,442,17.770043342526,24456,18.119242671183,513,18.119242671183,25456,,,,,18.669771230253,442,18.669771230253,25456,,,,,19.214592334097,371,19.214592334097,26456,,,,,,,,,,,,,,,,,,,,,,,,,,,,,,,,,,,,
,,,,18.010136433717,158,18.010136433717,25456,,,,,17.834863736654,371,17.834863736654,24456,18.134592338632,371,18.134592338632,25456,,,,,18.734219996762,87,18.734219996762,25456,,,,,19.270149455432,158,19.270149455432,26456,,,,,,,,,,,,,,,,,,,,,,,,,,,,,,,,,,,,
,,,,18.017140380599,229,18.017140380599,24456,,,,,17.99951580767,513,17.99951580767,24456,18.157376074963,300,18.157376074963,25456,,,,,18.73469520115,371,18.73469520115,25456,,,,,19.329771397389,442,19.329771397389,26456,,,,,,,,,,,,,,,,,,,,,,,,,,,,,,,,,,,,
,,,,18.019764550317,16,18.019764550317,24456,,,,,18.010136829846,158,18.010136829846,25456,18.16943024541,584,18.16943024541,25456,,,,,18.769429909973,584,18.769429909973,25456,,,,,19.330167455432,158,19.330167455432,26456,,,,,,,,,,,,,,,,,,,,,,,,,,,,,,,,,,,,
,,,,18.069771575189,442,18.069771575189,25456,,,,,18.017140514995,229,18.017140514995,24456,18.196868778887,229,18.196868778887,25456,,,,,18.857649807356,300,18.857649807356,25456,,,,,19.334220016508,87,19.334220016508,26456,,,,,,,,,,,,,,,,,,,,,,,,,,,,,,,,,,,,
,,,,18.076868380599,229,18.076868380599,25456,,,,,18.03422016648,87,18.03422016648,25456,18.199492794692,16,18.199492794692,25456,,,,,18.910408814041,158,18.910408814041,25456,,,,,19.33460488903,371,19.33460488903,26456,,,,,,,,,,,,,,,,,,,,,,,,,,,,,,,,,,,,
,,,,18.079492550317,16,18.079492550317,25456,,,,,18.069771286542,442,18.069771286542,25456,18.239242671183,513,18.239242671183,25456,,,,,18.970043230253,442,18.970043230253,25456,,,,,19.36943027532,584,19.36943027532,26456,,,,,,,,,,,,,,,,,,,,,,,,,,,,,,,,,,,,
,,,,18.119242666091,513,18.119242666091,25456,,,,,18.076868514995,229,18.076868514995,25456,18.316868778887,229,18.316868778887,25456,,,,,19.030136774506,158,19.030136774506,26456,,,,,19.389771397389,442,19.389771397389,26456,,,,,,,,,,,,,,,,,,,,,,,,,,,,,,,,,,,,
,,,,18.134591963627,371,18.134591963627,25456,,,,,18.119243214679,513,18.119243214679,25456,18.319492794692,16,18.319492794692,25456,,,,,19.033947993234,87,19.033947993234,26456,,,,,19.394592334097,371,19.394592334097,26456,,,,,,,,,,,,,,,,,,,,,,,,,,,,,,,,,,,,
,,,,18.157376451202,300,18.157376451202,25456,,,,,18.134591682006,371,18.134591682006,25456,18.359242671183,513,18.359242671183,25456,,,,,19.034863586409,371,19.034863586409,25456,,,,,,,,,,,,,,,,,,,,,,,,,,,,,,,,,,,,,,,,,,,,
,,,,18.169430023968,584,18.169430023968,25456,,,,,18.157376868728,300,18.157376868728,25456,18.36915824541,584,18.36915824541,25456,,,,,19.069157862105,584,19.069157862105,26456,,,,,,,,,,,,,,,,,,,,,,,,,,,,,,,,,,,,,,,,,,,,
,,,,18.196868380599,229,18.196868380599,25456,,,,,18.169429474468,584,18.169429474468,25456,18.370043950486,442,18.370043950486,25456,,,,,19.089770647975,442,19.089770647975,26456,,,,,,,,,,,,,,,,,,,,,,,,,,,,,,,,,,,,,,,,,,,,
,,,,18.199492550317,16,18.199492550317,25456,,,,,18.196868514995,229,18.196868514995,25456,18.376868778887,229,18.376868778887,25456,,,,,19.094591586409,371,19.094591586409,26456,,,,,,,,,,,,,,,,,,,,,,,,,,,,,,,,,,,,,,,,,,,,
,,,,18.239242666091,513,18.239242666091,25456,,,,,18.239243214679,513,18.239243214679,25456,18.379492794692,16,18.379492794692,25456,,,,,19.099515377745,513,19.099515377745,26456,,,,,,,,,,,,,,,,,,,,,,,,,,,,,,,,,,,,,,,,,,,,
,,,,18.310408433717,158,18.310408433717,25456,,,,,18.310408829846,158,18.310408829846,25456,18.419242671183,513,18.419242671183,25456,,,,,19.119764389395,16,19.119764389395,26456,,,,,,,,,,,,,,,,,,,,,,,,,,,,,,,,,,,,,,,,,,,,
,,,,18.316868380599,229,18.316868380599,25456,,,,,18.316868514995,229,18.316868514995,25456,18.434864338632,371,18.434864338632,25456,,,,,19.150136774506,158,19.150136774506,26456,,,,,,,,,,,,,,,,,,,,,,,,,,,,,,,,,,,,,,,,,,,,
,,,,18.319492550317,16,18.319492550317,25456,,,,,18.359243214679,513,18.359243214679,25456,18.56915824541,584,18.56915824541,25456,,,,,19.157104776542,300,19.157104776542,26456,,,,,,,,,,,,,,,,,,,,,,,,,,,,,,,,,,,,,,,,,,,,
,,,,18.359242666091,513,18.359242666091,25456,,,,,18.369157474468,584,18.369157474468,25456,18.669771950486,442,18.669771950486,25456,,,,,19.209770647975,442,19.209770647975,26456,,,,,,,,,,,,,,,,,,,,,,,,,,,,,,,,,,,,,,,,,,,,
,,,,18.369158023968,584,18.369158023968,25456,,,,,18.370043286542,442,18.370043286542,25456,18.734220014726,87,18.734220014726,25456,,,,,19.214591586409,371,19.214591586409,26456,,,,,,,,,,,,,,,,,,,,,,,,,,,,,,,,,,,,,,,,,,,,
,,,,18.370043575189,442,18.370043575189,25456,,,,,18.376868514995,229,18.376868514995,25456,18.734695918422,371,18.734695918422,25456,,,,,19.270150154983,158,19.270150154983,26456,,,,,,,,,,,,,,,,,,,,,,,,,,,,,,,,,,,,,,,,,,,,
,,,,18.376868380599,229,18.376868380599,25456,,,,,18.419243214679,513,18.419243214679,25456,18.76943024541,584,18.76943024541,25456,,,,,19.329770647975,442,19.329770647975,26456,,,,,,,,,,,,,,,,,,,,,,,,,,,,,,,,,,,,,,,,,,,,
,,,,18.379492550317,16,18.379492550317,25456,,,,,18.434863682006,371,18.434863682006,25456,18.857649051064,300,18.857649051064,25456,,,,,19.330168154983,158,19.330168154983,26456,,,,,,,,,,,,,,,,,,,,,,,,,,,,,,,,,,,,,,,,,,,,
,,,,18.419242666091,513,18.419242666091,25456,,,,,18.569157474468,584,18.569157474468,25456,18.970043950486,442,18.970043950486,25456,,,,,19.334219993234,87,19.334219993234,26456,,,,,,,,,,,,,,,,,,,,,,,,,,,,,,,,,,,,,,,,,,,,
,,,,18.434863963627,371,18.434863963627,25456,,,,,18.610136829846,158,18.610136829846,25456,19.033948014437,87,19.033948014437,26456,,,,,19.334604141342,371,19.334604141342,26456,,,,,,,,,,,,,,,,,,,,,,,,,,,,,,,,,,,,,,,,,,,,
,,,,18.569158023968,584,18.569158023968,25456,,,,,18.669771286542,442,18.669771286542,25456,19.034864317247,371,19.034864317247,25456,,,,,19.369429862105,584,19.369429862105,26456,,,,,,,,,,,,,,,,,,,,,,,,,,,,,,,,,,,,,,,,,,,,
,,,,18.610136433717,158,18.610136433717,25456,,,,,18.73422016648,87,18.73422016648,25456,19.069158222795,584,19.069158222795,26456,,,,,19.389770647975,442,19.389770647975,26456,,,,,,,,,,,,,,,,,,,,,,,,,,,,,,,,,,,,,,,,,,,,
,,,,18.669771575189,442,18.669771575189,25456,,,,,18.734695261796,371,18.734695261796,25456,19.089771380477,442,19.089771380477,26456,,,,,19.394591586409,371,19.394591586409,26456,,,,,,,,,,,,,,,,,,,,,,,,,,,,,,,,,,,,,,,,,,,,
,,,,18.734695543417,371,18.734695543417,25456,,,,,18.769429474468,584,18.769429474468,25456,19.094592317247,371,19.094592317247,26456,,,,,,,,,,,,,,,,,,,,,,,,,,,,,,,,,,,,,,,,,,,,,,,,,,,,
,,,,18.769430023968,584,18.769430023968,25456,,,,,18.857649844829,300,18.857649844829,25456,19.099515167109,513,19.099515167109,26456,,,,,,,,,,,,,,,,,,,,,,,,,,,,,,,,,,,,,,,,,,,,,,,,,,,,
,,,,18.857649427303,300,18.857649427303,25456,,,,,18.910408829846,158,18.910408829846,25456,19.117140774506,229,19.117140774506,26456,,,,,,,,,,,,,,,,,,,,,,,,,,,,,,,,,,,,,,,,,,,,,,,,,,,,
,,,,18.910408433717,158,18.910408433717,25456,,,,,18.970043286542,442,18.970043286542,25456,19.119764760092,16,19.119764760092,26456,,,,,,,,,,,,,,,,,,,,,,,,,,,,,,,,,,,,,,,,,,,,,,,,,,,,
,,,,18.970043575189,442,18.970043575189,25456,,,,,19.030136760092,158,19.030136760092,26456,19.157104074955,300,19.157104074955,26456,,,,,,,,,,,,,,,,,,,,,,,,,,,,,,,,,,,,,,,,,,,,,,,,,,,,
,,,,19.030136398274,158,19.030136398274,26456,,,,,19.033948088134,87,19.033948088134,26456,19.209771380477,442,19.209771380477,26456,,,,,,,,,,,,,,,,,,,,,,,,,,,,,,,,,,,,,,,,,,,,,,,,,,,,
,,,,19.03486393877,371,19.03486393877,25456,,,,,19.034863628855,371,19.034863628855,25456,19.214592317247,371,19.214592317247,26456,,,,,,,,,,,,,,,,,,,,,,,,,,,,,,,,,,,,,,,,,,,,,,,,,,,,
,,,,19.06915799512,584,19.06915799512,26456,,,,,19.069157527384,584,19.069157527384,26456,19.329771380477,442,19.329771380477,26456,,,,,,,,,,,,,,,,,,,,,,,,,,,,,,,,,,,,,,,,,,,,,,,,,,,,
,,,,19.089771001938,442,19.089771001938,26456,,,,,19.089770687544,442,19.089770687544,26456,19.334220014437,87,19.334220014437,26456,,,,,,,,,,,,,,,,,,,,,,,,,,,,,,,,,,,,,,,,,,,,,,,,,,,,
,,,,19.09459193877,371,19.09459193877,26456,,,,,19.094591628855,371,19.094591628855,26456,19.33460487218,371,19.33460487218,26456,,,,,,,,,,,,,,,,,,,,,,,,,,,,,,,,,,,,,,,,,,,,,,,,,,,,
,,,,19.099515162853,513,19.099515162853,26456,,,,,19.099515625853,513,19.099515625853,26456,19.369430222795,584,19.369430222795,26456,,,,,,,,,,,,,,,,,,,,,,,,,,,,,,,,,,,,,,,,,,,,,,,,,,,,
,,,,19.117140377071,229,19.117140377071,26456,,,,,19.117140389395,229,19.117140389395,26456,19.389771380477,442,19.389771380477,26456,,,,,,,,,,,,,,,,,,,,,,,,,,,,,,,,,,,,,,,,,,,,,,,,,,,,
,,,,19.119764471971,16,19.119764471971,26456,,,,,19.150136760092,158,19.150136760092,26456,19.394592317247,371,19.394592317247,26456,,,,,,,,,,,,,,,,,,,,,,,,,,,,,,,,,,,,,,,,,,,,,,,,,,,,
,,,,19.150136398274,158,19.150136398274,26456,,,,,19.157104798211,300,19.157104798211,26456,,,,,,,,,,,,,,,,,,,,,,,,,,,,,,,,,,,,,,,,,,,,,,,,,,,,,,,,
,,,,19.157104400345,300,19.157104400345,26456,,,,,19.209770687544,442,19.209770687544,26456,,,,,,,,,,,,,,,,,,,,,,,,,,,,,,,,,,,,,,,,,,,,,,,,,,,,,,,,
,,,,19.209771001938,442,19.209771001938,26456,,,,,19.214591628855,371,19.214591628855,26456,,,,,,,,,,,,,,,,,,,,,,,,,,,,,,,,,,,,,,,,,,,,,,,,,,,,,,,,
,,,,19.21459193877,371,19.21459193877,26456,,,,,19.270150140569,158,19.270150140569,26456,,,,,,,,,,,,,,,,,,,,,,,,,,,,,,,,,,,,,,,,,,,,,,,,,,,,,,,,
,,,,19.270149778751,158,19.270149778751,26456,,,,,19.329770687544,442,19.329770687544,26456,,,,,,,,,,,,,,,,,,,,,,,,,,,,,,,,,,,,,,,,,,,,,,,,,,,,,,,,
,,,,19.329771001938,442,19.329771001938,26456,,,,,19.330168140569,158,19.330168140569,26456,,,,,,,,,,,,,,,,,,,,,,,,,,,,,,,,,,,,,,,,,,,,,,,,,,,,,,,,
,,,,19.330167778751,158,19.330167778751,26456,,,,,19.334220088134,87,19.334220088134,26456,,,,,,,,,,,,,,,,,,,,,,,,,,,,,,,,,,,,,,,,,,,,,,,,,,,,,,,,
,,,,19.334604493703,371,19.334604493703,26456,,,,,19.334604183788,371,19.334604183788,26456,,,,,,,,,,,,,,,,,,,,,,,,,,,,,,,,,,,,,,,,,,,,,,,,,,,,,,,,
,,,,19.36942999512,584,19.36942999512,26456,,,,,19.369429527384,584,19.369429527384,26456,,,,,,,,,,,,,,,,,,,,,,,,,,,,,,,,,,,,,,,,,,,,,,,,,,,,,,,,
,,,,19.389771001938,442,19.389771001938,26456,,,,,19.389770687544,442,19.389770687544,26456,,,,,,,,,,,,,,,,,,,,,,,,,,,,,,,,,,,,,,,,,,,,,,,,,,,,,,,,
,,,,19.39459193877,371,19.39459193877,26456,,,,,19.394591628855,371,19.394591628855,26456,,,,,,,,,,,,,,,,,,,,,,,,,,,,,,,,,,,,,,,,,,,,,,,,,,,,,,,,
